Dataset, K, Total time, Diversity, Alpha,,
scp41.txt,5,691,0.066008314,0.1,,0.066008314
scp41.txt,6,605,0.073165973,0.1,,0.073165973
scp41.txt,7,570,0.081072364,0.1,,0.081072364
scp41.txt,8,562,0.084605804,0.1,,0.084605804
scp41.txt,9,565,0.085748261,0.1,,0.085748261
scp41.txt,10,570,0.085892568,0.1,,0.085892568
scp41.txt,11,569,0.083569365,0.1,,0.083569365
scp41.txt,12,577,0.081613398,0.1,,0.081613398
scp41.txt,13,584,0.079849308,0.1,,0.079849308
scp41.txt,14,590,0.078337455,0.1,,0.078337455
scp41.txt,15,590,0.076962689,0.1,,0.076962689
scp41.txt,16,587,0.075765316,0.1,,0.075765316
scp41.txt,17,599,0.076066425,0.1,,0.076066425
scp41.txt,18,598,0.076181655,0.1,,0.076181655
scp41.txt,19,616,0.078522816,0.1,,0.078522816
scp41.txt,20,626,0.080281929,0.1,,0.080281929
scp41.txt,5,565,0.062700603,0.2,,0.062700603
scp41.txt,6,567,0.069261791,0.2,,0.069261791
scp41.txt,7,564,0.076509316,0.2,,0.076509316
scp41.txt,8,570,0.079748302,0.2,,0.079748302
scp41.txt,9,564,0.080795555,0.2,,0.080795555
scp41.txt,10,566,0.080927836,0.2,,0.080927836
scp41.txt,11,568,0.078798234,0.2,,0.078798234
scp41.txt,12,570,0.077005264,0.2,,0.077005264
scp41.txt,13,576,0.075388181,0.2,,0.075388181
scp41.txt,14,581,0.074002316,0.2,,0.074002316
scp41.txt,15,584,0.072742114,0.2,,0.072742114
scp41.txt,16,585,0.071644522,0.2,,0.071644522
scp41.txt,17,592,0.071920539,0.2,,0.071920539
scp41.txt,18,609,0.072026166,0.2,,0.072026166
scp41.txt,19,612,0.074172231,0.2,,0.074172231
scp41.txt,20,611,0.07578475,0.2,,0.07578475
scp41.txt,5,560,0.059901772,0.3,,0.059901772
scp41.txt,6,566,0.065958252,0.3,,0.065958252
scp41.txt,7,562,0.072648276,0.3,,0.072648276
scp41.txt,8,564,0.075638109,0.3,,0.075638109
scp41.txt,9,570,0.076604804,0.3,,0.076604804
scp41.txt,10,567,0.076726909,0.3,,0.076726909
scp41.txt,11,570,0.074761123,0.3,,0.074761123
scp41.txt,12,571,0.073106073,0.3,,0.073106073
scp41.txt,13,585,0.071613382,0.3,,0.071613382
scp41.txt,14,595,0.070334122,0.3,,0.070334122
scp41.txt,15,584,0.069170858,0.3,,0.069170858
scp41.txt,16,592,0.068157696,0.3,,0.068157696
scp41.txt,17,593,0.068412481,0.3,,0.068412481
scp41.txt,18,600,0.068509984,0.3,,0.068509984
scp41.txt,19,618,0.070490966,0.3,,0.070490966
scp41.txt,20,607,0.071979446,0.3,,0.071979446
scp41.txt,5,565,0.057502773,0.4,,0.057502773
scp41.txt,6,565,0.063126648,0.4,,0.063126648
scp41.txt,7,566,0.069338813,0.4,,0.069338813
scp41.txt,8,571,0.072115086,0.4,,0.072115086
scp41.txt,9,569,0.073012731,0.4,,0.073012731
scp41.txt,10,573,0.073126115,0.4,,0.073126115
scp41.txt,11,573,0.071300742,0.4,,0.071300742
scp41.txt,12,577,0.06976391,0.4,,0.06976391
scp41.txt,13,581,0.06837784,0.4,,0.06837784
scp41.txt,14,580,0.067189955,0.4,,0.067189955
scp41.txt,15,586,0.066109782,0.4,,0.066109782
scp41.txt,16,585,0.065168989,0.4,,0.065168989
scp41.txt,17,596,0.065405575,0.4,,0.065405575
scp41.txt,18,596,0.065496113,0.4,,0.065496113
scp41.txt,19,602,0.067335596,0.4,,0.067335596
scp41.txt,20,610,0.068717756,0.4,,0.068717756
scp41.txt,5,557,0.055423641,0.5,,0.055423641
scp41.txt,6,559,0.060672591,0.5,,0.060672591
scp41.txt,7,564,0.066470611,0.5,,0.066470611
scp41.txt,8,571,0.0690618,0.5,,0.0690618
scp41.txt,9,580,0.069899602,0.5,,0.069899602
scp41.txt,10,567,0.070005427,0.5,,0.070005427
scp41.txt,11,572,0.068301745,0.5,,0.068301745
scp41.txt,12,574,0.066867369,0.5,,0.066867369
scp41.txt,13,594,0.065573703,0.5,,0.065573703
scp41.txt,14,580,0.064465011,0.5,,0.064465011
scp41.txt,15,584,0.063456849,0.5,,0.063456849
scp41.txt,16,597,0.062578776,0.5,,0.062578776
scp41.txt,17,624,0.062799589,0.5,,0.062799589
scp41.txt,18,596,0.062884091,0.5,,0.062884091
scp41.txt,19,606,0.064600943,0.5,,0.064600943
scp41.txt,20,602,0.065890958,0.5,,0.065890958
scp41.txt,5,555,0.0536044,0.6,,0.0536044
scp41.txt,6,561,0.05852529,0.6,,0.05852529
scp41.txt,7,568,0.063960935,0.6,,0.063960935
scp41.txt,8,566,0.066390174,0.6,,0.066390174
scp41.txt,9,587,0.067175614,0.6,,0.067175614
scp41.txt,10,567,0.067274824,0.6,,0.067274824
scp41.txt,11,591,0.065677623,0.6,,0.065677623
scp41.txt,12,576,0.064332895,0.6,,0.064332895
scp41.txt,13,576,0.063120083,0.6,,0.063120083
scp41.txt,14,587,0.062080684,0.6,,0.062080684
scp41.txt,15,581,0.061135533,0.6,,0.061135533
scp41.txt,16,586,0.060312339,0.6,,0.060312339
scp41.txt,17,592,0.060519352,0.6,,0.060519352
scp41.txt,18,597,0.060598572,0.6,,0.060598572
scp41.txt,19,599,0.062208121,0.6,,0.062208121
scp41.txt,20,625,0.06341751,0.6,,0.06341751
scp41.txt,5,562,0.051999188,0.7,,0.051999188
scp41.txt,6,565,0.056630614,0.7,,0.056630614
scp41.txt,7,563,0.061746514,0.7,,0.061746514
scp41.txt,8,566,0.064032857,0.7,,0.064032857
scp41.txt,9,571,0.064772094,0.7,,0.064772094
scp41.txt,10,568,0.064865469,0.7,,0.064865469
scp41.txt,11,570,0.063362221,0.7,,0.063362221
scp41.txt,12,586,0.062096595,0.7,,0.062096595
scp41.txt,13,583,0.060955125,0.7,,0.060955125
scp41.txt,14,585,0.059976867,0.7,,0.059976867
scp41.txt,15,594,0.059087313,0.7,,0.059087313
scp41.txt,16,594,0.058312542,0.7,,0.058312542
scp41.txt,17,594,0.058507377,0.7,,0.058507377
scp41.txt,18,604,0.058581938,0.7,,0.058581938
scp41.txt,19,604,0.060096807,0.7,,0.060096807
scp41.txt,20,615,0.061235056,0.7,,0.061235056
scp41.txt,5,567,0.050572332,0.8,,0.050572332
scp41.txt,6,568,0.054946457,0.8,,0.054946457
scp41.txt,7,567,0.059778141,0.8,,0.059778141
scp41.txt,8,570,0.061937465,0.8,,0.061937465
scp41.txt,9,569,0.062635633,0.8,,0.062635633
scp41.txt,10,575,0.062723821,0.8,,0.062723821
scp41.txt,11,581,0.061304086,0.8,,0.061304086
scp41.txt,12,592,0.060108772,0.8,,0.060108772
scp41.txt,13,582,0.059030717,0.8,,0.059030717
scp41.txt,14,635,0.058106807,0.8,,0.058106807
scp41.txt,15,618,0.057266672,0.8,,0.057266672
scp41.txt,16,604,0.056534945,0.8,,0.056534945
scp41.txt,17,601,0.056718956,0.8,,0.056718956
scp41.txt,18,602,0.056789374,0.8,,0.056789374
scp41.txt,19,612,0.058220084,0.8,,0.058220084
scp41.txt,20,614,0.059295097,0.8,,0.059295097
scp41.txt,5,567,0.049295672,0.9,,0.049295672
scp41.txt,6,570,0.05343958,0.9,,0.05343958
scp41.txt,7,563,0.058016964,0.9,,0.058016964
scp41.txt,8,567,0.06006264,0.9,,0.06006264
scp41.txt,9,575,0.060724062,0.9,,0.060724062
scp41.txt,10,571,0.060807608,0.9,,0.060807608
scp41.txt,11,579,0.059462597,0.9,,0.059462597
scp41.txt,12,571,0.058330194,0.9,,0.058330194
scp41.txt,13,586,0.057308879,0.9,,0.057308879
scp41.txt,14,585,0.056433596,0.9,,0.056433596
scp41.txt,15,585,0.055637679,0.9,,0.055637679
scp41.txt,16,587,0.054944463,0.9,,0.054944463
scp41.txt,17,597,0.055118789,0.9,,0.055118789
scp41.txt,18,611,0.055185501,0.9,,0.055185501
scp41.txt,19,607,0.05654091,0.9,,0.05654091
scp41.txt,20,614,0.057559344,0.9,,0.057559344
scp41.txt,5,580,0.048146678,1,,0.048146678
scp41.txt,6,559,0.05208339,1,,0.05208339
scp41.txt,7,576,0.056431906,1,,0.056431906
scp41.txt,8,571,0.058375297,1,,0.058375297
scp41.txt,9,580,0.059003649,1,,0.059003649
scp41.txt,10,567,0.059083017,1,,0.059083017
scp41.txt,11,580,0.057805256,1,,0.057805256
scp41.txt,12,576,0.056729474,1,,0.056729474
scp41.txt,13,586,0.055759225,1,,0.055759225
scp41.txt,14,601,0.054927705,1,,0.054927705
scp41.txt,15,594,0.054171584,1,,0.054171584
scp41.txt,16,596,0.053513029,1,,0.053513029
scp41.txt,17,594,0.053678639,1,,0.053678639
scp41.txt,18,599,0.053742016,1,,0.053742016
scp41.txt,19,614,0.055029654,1,,0.055029654
scp41.txt,20,635,0.055997166,1,,0.055997166
scp41.txt,5,565,0.040869715,2,,0.040869715
scp41.txt,6,568,0.04349419,2,,0.04349419
scp41.txt,7,565,0.0463932,2,,0.0463932
scp41.txt,8,568,0.047688795,2,,0.047688795
scp41.txt,9,564,0.048107696,2,,0.048107696
scp41.txt,10,568,0.048160608,2,,0.048160608
scp41.txt,11,584,0.047308767,2,,0.047308767
scp41.txt,12,582,0.046591579,2,,0.046591579
scp41.txt,13,581,0.045944746,2,,0.045944746
scp41.txt,14,589,0.0453904,2,,0.0453904
scp41.txt,15,587,0.044886319,2,,0.044886319
scp41.txt,16,594,0.044447283,2,,0.044447283
scp41.txt,17,620,0.044557689,2,,0.044557689
scp41.txt,18,603,0.04459994,2,,0.04459994
scp41.txt,19,612,0.045458366,2,,0.045458366
scp41.txt,20,614,0.046103374,2,,0.046103374
scp41.txt,5,566,0.037231234,3,,0.037231234
scp41.txt,6,561,0.03919959,3,,0.03919959
scp41.txt,7,563,0.041373848,3,,0.041373848
scp41.txt,8,567,0.042345543,3,,0.042345543
scp41.txt,9,574,0.042659719,3,,0.042659719
scp41.txt,10,570,0.042699403,3,,0.042699403
scp41.txt,11,569,0.042060523,3,,0.042060523
scp41.txt,12,586,0.041522632,3,,0.041522632
scp41.txt,13,576,0.041037507,3,,0.041037507
scp41.txt,14,579,0.040621747,3,,0.040621747
scp41.txt,15,585,0.040243687,3,,0.040243687
scp41.txt,16,594,0.039914409,3,,0.039914409
scp41.txt,17,592,0.039997214,3,,0.039997214
scp41.txt,18,598,0.040028903,3,,0.040028903
scp41.txt,19,602,0.040672722,3,,0.040672722
scp41.txt,20,618,0.041156478,3,,0.041156478
scp41.txt,5,570,0.035048145,4,,0.035048145
scp41.txt,6,567,0.03662283,4,,0.03662283
scp41.txt,7,567,0.038362236,4,,0.038362236
scp41.txt,8,579,0.039139593,4,,0.039139593
scp41.txt,9,568,0.039390933,4,,0.039390933
scp41.txt,10,567,0.039422681,4,,0.039422681
scp41.txt,11,574,0.038911576,4,,0.038911576
scp41.txt,12,583,0.038481263,4,,0.038481263
scp41.txt,13,583,0.038093163,4,,0.038093163
scp41.txt,14,581,0.037760556,4,,0.037760556
scp41.txt,15,586,0.037458107,4,,0.037458107
scp41.txt,16,598,0.037194685,4,,0.037194685
scp41.txt,17,589,0.037260929,4,,0.037260929
scp41.txt,18,597,0.03728628,4,,0.03728628
scp41.txt,19,614,0.037801335,4,,0.037801335
scp41.txt,20,617,0.03818834,4,,0.03818834
scp41.txt,5,562,0.033592752,5,,0.033592752
scp41.txt,6,563,0.03490499,5,,0.03490499
scp41.txt,7,562,0.036354495,5,,0.036354495
scp41.txt,8,568,0.037002292,5,,0.037002292
scp41.txt,9,574,0.037211743,5,,0.037211743
scp41.txt,10,580,0.037238199,5,,0.037238199
scp41.txt,11,571,0.036812278,5,,0.036812278
scp41.txt,12,590,0.036453684,5,,0.036453684
scp41.txt,13,587,0.036130268,5,,0.036130268
scp41.txt,14,607,0.035853095,5,,0.035853095
scp41.txt,15,589,0.035601054,5,,0.035601054
scp41.txt,16,586,0.035381536,5,,0.035381536
scp41.txt,17,595,0.035436739,5,,0.035436739
scp41.txt,18,594,0.035457865,5,,0.035457865
scp41.txt,19,612,0.035887078,5,,0.035887078
scp41.txt,20,613,0.036209582,5,,0.036209582
scp41.txt,5,572,0.032553186,6,,0.032553186
scp41.txt,6,567,0.033677961,6,,0.033677961
scp41.txt,7,562,0.034920394,6,,0.034920394
scp41.txt,8,575,0.035475649,6,,0.035475649
scp41.txt,9,566,0.035655178,6,,0.035655178
scp41.txt,10,567,0.035677855,6,,0.035677855
scp41.txt,11,567,0.03531278,6,,0.03531278
scp41.txt,12,572,0.035005414,6,,0.035005414
scp41.txt,13,583,0.034728199,6,,0.034728199
scp41.txt,14,594,0.034490623,6,,0.034490623
scp41.txt,15,592,0.034274588,6,,0.034274588
scp41.txt,16,591,0.034086429,6,,0.034086429
scp41.txt,17,594,0.034133747,6,,0.034133747
scp41.txt,18,603,0.034151854,6,,0.034151854
scp41.txt,19,599,0.034519751,6,,0.034519751
scp41.txt,20,614,0.034796183,6,,0.034796183
scp41.txt,5,562,0.031773512,7,,0.031773512
scp41.txt,6,566,0.03275769,7,,0.03275769
scp41.txt,7,562,0.033844819,7,,0.033844819
scp41.txt,8,578,0.034330666,7,,0.034330666
scp41.txt,9,568,0.034487754,7,,0.034487754
scp41.txt,10,585,0.034507596,7,,0.034507596
scp41.txt,11,570,0.034188156,7,,0.034188156
scp41.txt,12,576,0.033919211,7,,0.033919211
scp41.txt,13,577,0.033676648,7,,0.033676648
scp41.txt,14,583,0.033468768,7,,0.033468768
scp41.txt,15,587,0.033279738,7,,0.033279738
scp41.txt,16,588,0.033115099,7,,0.033115099
scp41.txt,17,594,0.033156502,7,,0.033156502
scp41.txt,18,600,0.033172346,7,,0.033172346
scp41.txt,19,604,0.033494256,7,,0.033494256
scp41.txt,20,605,0.033736134,7,,0.033736134
scp41.txt,5,559,0.031167098,8,,0.031167098
scp41.txt,6,566,0.032041923,8,,0.032041923
scp41.txt,7,563,0.03300826,8,,0.03300826
scp41.txt,8,571,0.033440125,8,,0.033440125
scp41.txt,9,581,0.033579758,8,,0.033579758
scp41.txt,10,576,0.033597396,8,,0.033597396
scp41.txt,11,581,0.033313449,8,,0.033313449
scp41.txt,12,579,0.033074386,8,,0.033074386
scp41.txt,13,586,0.032858775,8,,0.032858775
scp41.txt,14,582,0.032673993,8,,0.032673993
scp41.txt,15,594,0.032505966,8,,0.032505966
scp41.txt,16,592,0.03235962,8,,0.03235962
scp41.txt,17,596,0.032396423,8,,0.032396423
scp41.txt,18,597,0.032410506,8,,0.032410506
scp41.txt,19,603,0.032696648,8,,0.032696648
scp41.txt,20,607,0.032911651,8,,0.032911651
scp41.txt,5,558,0.030681967,9,,0.030681967
scp41.txt,6,564,0.03146931,9,,0.03146931
scp41.txt,7,570,0.032339013,9,,0.032339013
scp41.txt,8,565,0.032727691,9,,0.032727691
scp41.txt,9,570,0.032853361,9,,0.032853361
scp41.txt,10,580,0.032869235,9,,0.032869235
scp41.txt,11,576,0.032613683,9,,0.032613683
scp41.txt,12,581,0.032398526,9,,0.032398526
scp41.txt,13,585,0.032204476,9,,0.032204476
scp41.txt,14,585,0.032038173,9,,0.032038173
scp41.txt,15,593,0.031886948,9,,0.031886948
scp41.txt,16,597,0.031755237,9,,0.031755237
scp41.txt,17,591,0.031788359,9,,0.031788359
scp41.txt,18,599,0.031801035,9,,0.031801035
scp41.txt,19,603,0.032058562,9,,0.032058562
scp41.txt,20,623,0.032252065,9,,0.032252065
scp41.txt,5,559,0.030285042,10,,0.030285042
scp41.txt,6,575,0.031000808,10,,0.031000808
scp41.txt,7,565,0.031791447,10,,0.031791447
scp41.txt,8,562,0.032144791,10,,0.032144791
scp41.txt,9,569,0.032259037,10,,0.032259037
scp41.txt,10,587,0.032273467,10,,0.032273467
scp41.txt,11,583,0.032041147,10,,0.032041147
scp41.txt,12,580,0.03184555,10,,0.03184555
scp41.txt,13,581,0.031669141,10,,0.031669141
scp41.txt,14,578,0.031517956,10,,0.031517956
scp41.txt,15,588,0.031380479,10,,0.031380479
scp41.txt,16,592,0.031260742,10,,0.031260742
scp41.txt,17,602,0.031290853,10,,0.031290853
scp41.txt,18,609,0.031302376,10,,0.031302376
scp41.txt,19,608,0.031536492,10,,0.031536492
scp41.txt,20,616,0.031712403,10,,0.031712403
scp42.txt,5,582,0.048375099,0.1,,0.048375099
scp42.txt,6,592,0.049131828,0.1,,0.049131828
scp42.txt,7,590,0.04855516,0.1,,0.04855516
scp42.txt,8,590,0.04882542,0.1,,0.04882542
scp42.txt,9,587,0.048444991,0.1,,0.048444991
scp42.txt,10,586,0.048562983,0.1,,0.048562983
scp42.txt,11,598,0.052956398,0.1,,0.052956398
scp42.txt,12,600,0.05610362,0.1,,0.05610362
scp42.txt,13,603,0.057347525,0.1,,0.057347525
scp42.txt,14,604,0.058307227,0.1,,0.058307227
scp42.txt,15,605,0.057546536,0.1,,0.057546536
scp42.txt,16,604,0.057013128,0.1,,0.057013128
scp42.txt,17,613,0.057920127,0.1,,0.057920127
scp42.txt,18,609,0.058653603,0.1,,0.058653603
scp42.txt,19,618,0.058037995,0.1,,0.058037995
scp42.txt,20,632,0.05756231,0.1,,0.05756231
scp42.txt,5,579,0.046724793,0.2,,0.046724793
scp42.txt,6,576,0.047384927,0.2,,0.047384927
scp42.txt,7,578,0.046856314,0.2,,0.046856314
scp42.txt,8,595,0.047104053,0.2,,0.047104053
scp42.txt,9,585,0.046755326,0.2,,0.046755326
scp42.txt,10,593,0.046863485,0.2,,0.046863485
scp42.txt,11,588,0.050890782,0.2,,0.050890782
scp42.txt,12,590,0.053775736,0.2,,0.053775736
scp42.txt,13,594,0.054915983,0.2,,0.054915983
scp42.txt,14,599,0.055795709,0.2,,0.055795709
scp42.txt,15,598,0.055098409,0.2,,0.055098409
scp42.txt,16,603,0.054609452,0.2,,0.054609452
scp42.txt,17,610,0.055440867,0.2,,0.055440867
scp42.txt,18,613,0.05611322,0.2,,0.05611322
scp42.txt,19,618,0.055548913,0.2,,0.055548913
scp42.txt,20,628,0.055112868,0.2,,0.055112868
scp42.txt,5,581,0.045328381,0.3,,0.045328381
scp42.txt,6,576,0.04590678,0.3,,0.04590678
scp42.txt,7,586,0.04541883,0.3,,0.04541883
scp42.txt,8,581,0.045647511,0.3,,0.045647511
scp42.txt,9,586,0.04532561,0.3,,0.04532561
scp42.txt,10,592,0.045425449,0.3,,0.045425449
scp42.txt,11,585,0.049142954,0.3,,0.049142954
scp42.txt,12,591,0.051805988,0.3,,0.051805988
scp42.txt,13,600,0.052858524,0.3,,0.052858524
scp42.txt,14,599,0.053670578,0.3,,0.053670578
scp42.txt,15,597,0.053026917,0.3,,0.053026917
scp42.txt,16,607,0.052575572,0.3,,0.052575572
scp42.txt,17,610,0.053343032,0.3,,0.053343032
scp42.txt,18,614,0.053963666,0.3,,0.053963666
scp42.txt,19,617,0.053442767,0.3,,0.053442767
scp42.txt,20,628,0.053040264,0.3,,0.053040264
scp42.txt,5,579,0.044131455,0.4,,0.044131455
scp42.txt,6,581,0.044639796,0.4,,0.044639796
scp42.txt,7,580,0.0441867,0.4,,0.0441867
scp42.txt,8,585,0.044399047,0.4,,0.044399047
scp42.txt,9,589,0.044100139,0.4,,0.044100139
scp42.txt,10,582,0.044192847,0.4,,0.044192847
scp42.txt,11,583,0.047644816,0.4,,0.047644816
scp42.txt,12,592,0.050117633,0.4,,0.050117633
scp42.txt,13,604,0.051094987,0.4,,0.051094987
scp42.txt,14,597,0.051849038,0.4,,0.051849038
scp42.txt,15,610,0.051251353,0.4,,0.051251353
scp42.txt,16,608,0.050832246,0.4,,0.050832246
scp42.txt,17,611,0.051544888,0.4,,0.051544888
scp42.txt,18,619,0.052121191,0.4,,0.052121191
scp42.txt,19,617,0.051637499,0.4,,0.051637499
scp42.txt,20,624,0.051263746,0.4,,0.051263746
scp42.txt,5,578,0.04309412,0.5,,0.04309412
scp42.txt,6,592,0.043541744,0.5,,0.043541744
scp42.txt,7,587,0.043118854,0.5,,0.043118854
scp42.txt,8,583,0.043317045,0.5,,0.043317045
scp42.txt,9,586,0.043038064,0.5,,0.043038064
scp42.txt,10,589,0.043124591,0.5,,0.043124591
scp42.txt,11,587,0.046346429,0.5,,0.046346429
scp42.txt,12,590,0.048654392,0.5,,0.048654392
scp42.txt,13,595,0.049566589,0.5,,0.049566589
scp42.txt,14,596,0.05027037,0.5,,0.05027037
scp42.txt,15,605,0.04971253,0.5,,0.04971253
scp42.txt,16,606,0.049321364,0.5,,0.049321364
scp42.txt,17,611,0.049986497,0.5,,0.049986497
scp42.txt,18,616,0.050524379,0.5,,0.050524379
scp42.txt,19,618,0.050072933,0.5,,0.050072933
scp42.txt,20,631,0.049724098,0.5,,0.049724098
scp42.txt,5,580,0.042186452,0.6,,0.042186452
scp42.txt,6,579,0.042580949,0.6,,0.042580949
scp42.txt,7,578,0.042184489,0.6,,0.042184489
scp42.txt,8,585,0.042370293,0.6,,0.042370293
scp42.txt,9,586,0.042108748,0.6,,0.042108748
scp42.txt,10,585,0.042189868,0.6,,0.042189868
scp42.txt,11,591,0.04521034,0.6,,0.04521034
scp42.txt,12,592,0.047374055,0.6,,0.047374055
scp42.txt,13,594,0.048229241,0.6,,0.048229241
scp42.txt,14,590,0.048889035,0.6,,0.048889035
scp42.txt,15,618,0.04836606,0.6,,0.04836606
scp42.txt,16,611,0.047999342,0.6,,0.047999342
scp42.txt,17,611,0.048622904,0.6,,0.048622904
scp42.txt,18,618,0.049127169,0.6,,0.049127169
scp42.txt,19,619,0.048703938,0.6,,0.048703938
scp42.txt,20,629,0.048376905,0.6,,0.048376905
scp42.txt,5,574,0.041385568,0.7,,0.041385568
scp42.txt,6,580,0.041733188,0.7,,0.041733188
scp42.txt,7,593,0.041360049,0.7,,0.041360049
scp42.txt,8,589,0.041534924,0.7,,0.041534924
scp42.txt,9,587,0.041288764,0.7,,0.041288764
scp42.txt,10,586,0.041365112,0.7,,0.041365112
scp42.txt,11,597,0.044207909,0.7,,0.044207909
scp42.txt,12,592,0.046244347,0.7,,0.046244347
scp42.txt,13,596,0.047049227,0.7,,0.047049227
scp42.txt,14,597,0.04767021,0.7,,0.04767021
scp42.txt,15,598,0.047177999,0.7,,0.047177999
scp42.txt,16,611,0.046832853,0.7,,0.046832853
scp42.txt,17,625,0.047419734,0.7,,0.047419734
scp42.txt,18,632,0.047894336,0.7,,0.047894336
scp42.txt,19,650,0.047496002,0.7,,0.047496002
scp42.txt,20,651,0.047188205,0.7,,0.047188205
scp42.txt,5,587,0.040673672,0.8,,0.040673672
scp42.txt,6,579,0.040979623,0.8,,0.040979623
scp42.txt,7,586,0.040627214,0.8,,0.040627214
scp42.txt,8,628,0.040792373,0.8,,0.040792373
scp42.txt,9,593,0.040559889,0.8,,0.040559889
scp42.txt,10,583,0.040631995,0.8,,0.040631995
scp42.txt,11,593,0.04331686,0.8,,0.04331686
scp42.txt,12,594,0.045240162,0.8,,0.045240162
scp42.txt,13,614,0.046000327,0.8,,0.046000327
scp42.txt,14,607,0.046586811,0.8,,0.046586811
scp42.txt,15,612,0.046121944,0.8,,0.046121944
scp42.txt,16,612,0.045795973,0.8,,0.045795973
scp42.txt,17,608,0.04635025,0.8,,0.04635025
scp42.txt,18,614,0.046798485,0.8,,0.046798485
scp42.txt,19,617,0.04642228,0.8,,0.04642228
scp42.txt,20,639,0.046131584,0.8,,0.046131584
scp42.txt,5,585,0.040036711,0.9,,0.040036711
scp42.txt,6,579,0.04030538,0.9,,0.04030538
scp42.txt,7,576,0.039971519,0.9,,0.039971519
scp42.txt,8,584,0.040127986,0.9,,0.040127986
scp42.txt,9,597,0.039907738,0.9,,0.039907738
scp42.txt,10,607,0.039976049,0.9,,0.039976049
scp42.txt,11,588,0.042519605,0.9,,0.042519605
scp42.txt,12,595,0.044341681,0.9,,0.044341681
scp42.txt,13,594,0.045061836,0.9,,0.045061836
scp42.txt,14,595,0.045617453,0.9,,0.045617453
scp42.txt,15,604,0.045177053,0.9,,0.045177053
scp42.txt,16,603,0.044868238,0.9,,0.044868238
scp42.txt,17,608,0.045393342,0.9,,0.045393342
scp42.txt,18,617,0.045817987,0.9,,0.045817987
scp42.txt,19,647,0.045461582,0.9,,0.045461582
scp42.txt,20,651,0.045186185,0.9,,0.045186185
scp42.txt,5,584,0.039463447,1,,0.039463447
scp42.txt,6,581,0.039698562,1,,0.039698562
scp42.txt,7,578,0.039381394,1,,0.039381394
scp42.txt,8,588,0.039530037,1,,0.039530037
scp42.txt,9,586,0.039320801,1,,0.039320801
scp42.txt,10,606,0.039385697,1,,0.039385697
scp42.txt,11,594,0.041802075,1,,0.041802075
scp42.txt,12,604,0.043533047,1,,0.043533047
scp42.txt,13,597,0.044217195,1,,0.044217195
scp42.txt,14,598,0.044745031,1,,0.044745031
scp42.txt,15,621,0.044326651,1,,0.044326651
scp42.txt,16,605,0.044033277,1,,0.044033277
scp42.txt,17,611,0.044532126,1,,0.044532126
scp42.txt,18,623,0.044935538,1,,0.044935538
scp42.txt,19,618,0.044596954,1,,0.044596954
scp42.txt,20,626,0.044335327,1,,0.044335327
scp42.txt,5,576,0.035832774,2,,0.035832774
scp42.txt,6,574,0.035855379,2,,0.035855379
scp42.txt,7,579,0.035643934,2,,0.035643934
scp42.txt,8,583,0.03574303,2,,0.03574303
scp42.txt,9,582,0.035603539,2,,0.035603539
scp42.txt,10,591,0.035646803,2,,0.035646803
scp42.txt,11,590,0.037257721,2,,0.037257721
scp42.txt,12,592,0.038411703,2,,0.038411703
scp42.txt,13,597,0.038867802,2,,0.038867802
scp42.txt,14,598,0.039219692,2,,0.039219692
scp42.txt,15,599,0.038940772,2,,0.038940772
scp42.txt,16,605,0.038745189,2,,0.038745189
scp42.txt,17,609,0.039077755,2,,0.039077755
scp42.txt,18,617,0.039346697,2,,0.039346697
scp42.txt,19,616,0.039120974,2,,0.039120974
scp42.txt,20,627,0.038946556,2,,0.038946556
scp42.txt,5,577,0.034017438,3,,0.034017438
scp42.txt,6,578,0.033933788,3,,0.033933788
scp42.txt,7,583,0.033775204,3,,0.033775204
scp42.txt,8,582,0.033849526,3,,0.033849526
scp42.txt,9,585,0.033744908,3,,0.033744908
scp42.txt,10,592,0.033777355,3,,0.033777355
scp42.txt,11,593,0.034985545,3,,0.034985545
scp42.txt,12,593,0.035851031,3,,0.035851031
scp42.txt,13,593,0.036193105,3,,0.036193105
scp42.txt,14,597,0.036457023,3,,0.036457023
scp42.txt,15,606,0.036247833,3,,0.036247833
scp42.txt,16,614,0.036101145,3,,0.036101145
scp42.txt,17,617,0.03635057,3,,0.03635057
scp42.txt,18,622,0.036552276,3,,0.036552276
scp42.txt,19,620,0.036382984,3,,0.036382984
scp42.txt,20,636,0.03625217,3,,0.03625217
scp42.txt,5,578,0.032928236,4,,0.032928236
scp42.txt,6,585,0.032780833,4,,0.032780833
scp42.txt,7,581,0.032653966,4,,0.032653966
scp42.txt,8,579,0.032713423,4,,0.032713423
scp42.txt,9,586,0.032629729,4,,0.032629729
scp42.txt,10,583,0.032655687,4,,0.032655687
scp42.txt,11,596,0.033622238,4,,0.033622238
scp42.txt,12,596,0.034314627,4,,0.034314627
scp42.txt,13,600,0.034588287,4,,0.034588287
scp42.txt,14,601,0.034799421,4,,0.034799421
scp42.txt,15,606,0.034632069,4,,0.034632069
scp42.txt,16,612,0.034514719,4,,0.034514719
scp42.txt,17,621,0.034714259,4,,0.034714259
scp42.txt,18,627,0.034875624,4,,0.034875624
scp42.txt,19,626,0.03474019,4,,0.03474019
scp42.txt,20,637,0.034635539,4,,0.034635539
scp42.txt,5,585,0.032202101,5,,0.032202101
scp42.txt,6,583,0.032012197,5,,0.032012197
scp42.txt,7,591,0.031906474,5,,0.031906474
scp42.txt,8,582,0.031956022,5,,0.031956022
scp42.txt,9,584,0.031886277,5,,0.031886277
scp42.txt,10,587,0.031907908,5,,0.031907908
scp42.txt,11,588,0.032713368,5,,0.032713368
scp42.txt,12,595,0.033290358,5,,0.033290358
scp42.txt,13,594,0.033518408,5,,0.033518408
scp42.txt,14,596,0.033694353,5,,0.033694353
scp42.txt,15,606,0.033554893,5,,0.033554893
scp42.txt,16,606,0.033457102,5,,0.033457102
scp42.txt,17,611,0.033623385,5,,0.033623385
scp42.txt,18,614,0.033757855,5,,0.033757855
scp42.txt,19,624,0.033644994,5,,0.033644994
scp42.txt,20,629,0.033557785,5,,0.033557785
scp42.txt,5,580,0.031683434,6,,0.031683434
scp42.txt,6,577,0.031463171,6,,0.031463171
scp42.txt,7,581,0.031372551,6,,0.031372551
scp42.txt,8,583,0.031415021,6,,0.031415021
scp42.txt,9,588,0.031355239,6,,0.031355239
scp42.txt,10,592,0.031373781,6,,0.031373781
scp42.txt,11,592,0.032064174,6,,0.032064174
scp42.txt,12,597,0.032558738,6,,0.032558738
scp42.txt,13,596,0.032754209,6,,0.032754209
scp42.txt,14,598,0.032905019,6,,0.032905019
scp42.txt,15,599,0.032785482,6,,0.032785482
scp42.txt,16,606,0.032701661,6,,0.032701661
scp42.txt,17,620,0.032844189,6,,0.032844189
scp42.txt,18,622,0.032959449,6,,0.032959449
scp42.txt,19,626,0.032862711,6,,0.032862711
scp42.txt,20,622,0.032787961,6,,0.032787961
scp42.txt,5,579,0.031294433,7,,0.031294433
scp42.txt,6,587,0.031051401,7,,0.031051401
scp42.txt,7,584,0.030972109,7,,0.030972109
scp42.txt,8,588,0.03100927,7,,0.03100927
scp42.txt,9,586,0.030956961,7,,0.030956961
scp42.txt,10,597,0.030973185,7,,0.030973185
scp42.txt,11,593,0.031577279,7,,0.031577279
scp42.txt,12,589,0.032010022,7,,0.032010022
scp42.txt,13,600,0.032181059,7,,0.032181059
scp42.txt,14,603,0.032313018,7,,0.032313018
scp42.txt,15,604,0.032208423,7,,0.032208423
scp42.txt,16,608,0.03213508,7,,0.03213508
scp42.txt,17,612,0.032259792,7,,0.032259792
scp42.txt,18,612,0.032360645,7,,0.032360645
scp42.txt,19,618,0.032275999,7,,0.032275999
scp42.txt,20,626,0.032210592,7,,0.032210592
scp42.txt,5,579,0.030991877,8,,0.030991877
scp42.txt,6,583,0.030731136,8,,0.030731136
scp42.txt,7,579,0.030660654,8,,0.030660654
scp42.txt,8,582,0.030693686,8,,0.030693686
scp42.txt,9,588,0.030647189,8,,0.030647189
scp42.txt,10,581,0.03066161,8,,0.03066161
scp42.txt,11,587,0.031198583,8,,0.031198583
scp42.txt,12,591,0.031583244,8,,0.031583244
scp42.txt,13,600,0.031735277,8,,0.031735277
scp42.txt,14,597,0.031852573,8,,0.031852573
scp42.txt,15,600,0.0317596,8,,0.0317596
scp42.txt,16,612,0.031694406,8,,0.031694406
scp42.txt,17,616,0.031805261,8,,0.031805261
scp42.txt,18,615,0.031894908,8,,0.031894908
scp42.txt,19,620,0.031819667,8,,0.031819667
scp42.txt,20,632,0.031761528,8,,0.031761528
scp42.txt,5,579,0.030749832,9,,0.030749832
scp42.txt,6,578,0.030474924,9,,0.030474924
scp42.txt,7,581,0.03041149,9,,0.03041149
scp42.txt,8,585,0.030441219,9,,0.030441219
scp42.txt,9,589,0.030399372,9,,0.030399372
scp42.txt,10,588,0.030412351,9,,0.030412351
scp42.txt,11,587,0.030895626,9,,0.030895626
scp42.txt,12,604,0.031241821,9,,0.031241821
scp42.txt,13,591,0.03137865,9,,0.03137865
scp42.txt,14,598,0.031484217,9,,0.031484217
scp42.txt,15,603,0.031400542,9,,0.031400542
scp42.txt,16,606,0.031341867,9,,0.031341867
scp42.txt,17,605,0.031441636,9,,0.031441636
scp42.txt,18,615,0.031522319,9,,0.031522319
scp42.txt,19,626,0.031454602,9,,0.031454602
scp42.txt,20,633,0.031402277,9,,0.031402277
scp42.txt,5,587,0.030551796,10,,0.030551796
scp42.txt,6,583,0.030265295,10,,0.030265295
scp42.txt,7,583,0.030207629,10,,0.030207629
scp42.txt,8,584,0.030234655,10,,0.030234655
scp42.txt,9,614,0.030196612,10,,0.030196612
scp42.txt,10,596,0.030208411,10,,0.030208411
scp42.txt,11,591,0.030647752,10,,0.030647752
scp42.txt,12,597,0.030962475,10,,0.030962475
scp42.txt,13,597,0.031086865,10,,0.031086865
scp42.txt,14,599,0.031182835,10,,0.031182835
scp42.txt,15,606,0.031106766,10,,0.031106766
scp42.txt,16,613,0.031053425,10,,0.031053425
scp42.txt,17,616,0.031144125,10,,0.031144125
scp42.txt,18,621,0.031217473,10,,0.031217473
scp42.txt,19,621,0.031155912,10,,0.031155912
scp42.txt,20,622,0.031108344,10,,0.031108344
scp43.txt,5,558,0.095249445,0.1,,0.095249445
scp43.txt,6,557,0.09107691,0.1,,0.09107691
scp43.txt,7,558,0.088071233,0.1,,0.088071233
scp43.txt,8,568,0.086292441,0.1,,0.086292441
scp43.txt,9,567,0.085888776,0.1,,0.085888776
scp43.txt,10,561,0.085558915,0.1,,0.085558915
scp43.txt,11,563,0.084339893,0.1,,0.084339893
scp43.txt,12,573,0.083416835,0.1,,0.083416835
scp43.txt,13,572,0.082349866,0.1,,0.082349866
scp43.txt,14,575,0.081801608,0.1,,0.081801608
scp43.txt,15,581,0.082644689,0.1,,0.082644689
scp43.txt,16,590,0.083421063,0.1,,0.083421063
scp43.txt,17,581,0.082599314,0.1,,0.082599314
scp43.txt,18,589,0.082069906,0.1,,0.082069906
scp43.txt,19,594,0.081401877,0.1,,0.081401877
scp43.txt,20,602,0.08095731,0.1,,0.08095731
scp43.txt,5,558,0.09088342,0.2,,0.09088342
scp43.txt,6,562,0.085770273,0.2,,0.085770273
scp43.txt,7,563,0.083015068,0.2,,0.083015068
scp43.txt,8,560,0.08138451,0.2,,0.08138451
scp43.txt,9,571,0.081014483,0.2,,0.081014483
scp43.txt,10,571,0.08071211,0.2,,0.08071211
scp43.txt,11,572,0.079594674,0.2,,0.079594674
scp43.txt,12,594,0.078748538,0.2,,0.078748538
scp43.txt,13,576,0.077770482,0.2,,0.077770482
scp43.txt,14,583,0.077267912,0.2,,0.077267912
scp43.txt,15,580,0.078040737,0.2,,0.078040737
scp43.txt,16,584,0.078752413,0.2,,0.078752413
scp43.txt,17,584,0.077999143,0.2,,0.077999143
scp43.txt,18,600,0.077513852,0.2,,0.077513852
scp43.txt,19,608,0.076901493,0.2,,0.076901493
scp43.txt,20,604,0.076493972,0.2,,0.076493972
scp43.txt,5,560,0.087189091,0.3,,0.087189091
scp43.txt,6,577,0.081280041,0.3,,0.081280041
scp43.txt,7,564,0.078736775,0.3,,0.078736775
scp43.txt,8,559,0.077231644,0.3,,0.077231644
scp43.txt,9,574,0.076890081,0.3,,0.076890081
scp43.txt,10,564,0.076610968,0.3,,0.076610968
scp43.txt,11,567,0.075579488,0.3,,0.075579488
scp43.txt,12,571,0.074798439,0.3,,0.074798439
scp43.txt,13,571,0.073895619,0.3,,0.073895619
scp43.txt,14,576,0.073431708,0.3,,0.073431708
scp43.txt,15,579,0.074145085,0.3,,0.074145085
scp43.txt,16,583,0.074802016,0.3,,0.074802016
scp43.txt,17,586,0.07410669,0.3,,0.07410669
scp43.txt,18,585,0.07365873,0.3,,0.07365873
scp43.txt,19,595,0.073093475,0.3,,0.073093475
scp43.txt,20,604,0.072717302,0.3,,0.072717302
scp43.txt,5,568,0.084022523,0.4,,0.084022523
scp43.txt,6,557,0.077431271,0.4,,0.077431271
scp43.txt,7,567,0.075069667,0.4,,0.075069667
scp43.txt,8,562,0.073672045,0.4,,0.073672045
scp43.txt,9,561,0.07335488,0.4,,0.07335488
scp43.txt,10,561,0.073095703,0.4,,0.073095703
scp43.txt,11,568,0.072137901,0.4,,0.072137901
scp43.txt,12,580,0.071412641,0.4,,0.071412641
scp43.txt,13,577,0.070574308,0.4,,0.070574308
scp43.txt,14,580,0.070143533,0.4,,0.070143533
scp43.txt,15,577,0.070805954,0.4,,0.070805954
scp43.txt,16,580,0.071415962,0.4,,0.071415962
scp43.txt,17,587,0.070770302,0.4,,0.070770302
scp43.txt,18,592,0.070354339,0.4,,0.070354339
scp43.txt,19,594,0.069829459,0.4,,0.069829459
scp43.txt,20,604,0.069480156,0.4,,0.069480156
scp43.txt,5,560,0.081278165,0.5,,0.081278165
scp43.txt,6,561,0.07409567,0.5,,0.07409567
scp43.txt,7,561,0.071891507,0.5,,0.071891507
scp43.txt,8,558,0.07058706,0.5,,0.07058706
scp43.txt,9,564,0.070291039,0.5,,0.070291039
scp43.txt,10,574,0.07004914,0.5,,0.07004914
scp43.txt,11,569,0.069155191,0.5,,0.069155191
scp43.txt,12,570,0.068478282,0.5,,0.068478282
scp43.txt,13,581,0.067695838,0.5,,0.067695838
scp43.txt,14,581,0.067293782,0.5,,0.067293782
scp43.txt,15,576,0.067912041,0.5,,0.067912041
scp43.txt,16,585,0.068481382,0.5,,0.068481382
scp43.txt,17,588,0.067878766,0.5,,0.067878766
scp43.txt,18,594,0.067490534,0.5,,0.067490534
scp43.txt,19,599,0.067000646,0.5,,0.067000646
scp43.txt,20,599,0.06667463,0.5,,0.06667463
scp43.txt,5,572,0.078876851,0.6,,0.078876851
scp43.txt,6,561,0.07117702,0.6,,0.07117702
scp43.txt,7,562,0.069110616,0.6,,0.069110616
scp43.txt,8,563,0.067887697,0.6,,0.067887697
scp43.txt,9,567,0.067610177,0.6,,0.067610177
scp43.txt,10,568,0.067383398,0.6,,0.067383398
scp43.txt,11,565,0.066545321,0.6,,0.066545321
scp43.txt,12,569,0.065910718,0.6,,0.065910718
scp43.txt,13,572,0.065177177,0.6,,0.065177177
scp43.txt,14,576,0.064800249,0.6,,0.064800249
scp43.txt,15,582,0.065379868,0.6,,0.065379868
scp43.txt,16,582,0.065913625,0.6,,0.065913625
scp43.txt,17,590,0.065348672,0.6,,0.065348672
scp43.txt,18,592,0.064984704,0.6,,0.064984704
scp43.txt,19,595,0.064525435,0.6,,0.064525435
scp43.txt,20,601,0.064219794,0.6,,0.064219794
scp43.txt,5,559,0.076758044,0.7,,0.076758044
scp43.txt,6,562,0.06860174,0.7,,0.06860174
scp43.txt,7,562,0.066656889,0.7,,0.066656889
scp43.txt,8,565,0.065505907,0.7,,0.065505907
scp43.txt,9,569,0.065244712,0.7,,0.065244712
scp43.txt,10,574,0.065031272,0.7,,0.065031272
scp43.txt,11,576,0.064242493,0.7,,0.064242493
scp43.txt,12,573,0.063645221,0.7,,0.063645221
scp43.txt,13,573,0.062954829,0.7,,0.062954829
scp43.txt,14,575,0.062600073,0.7,,0.062600073
scp43.txt,15,581,0.063145597,0.7,,0.063145597
scp43.txt,16,582,0.063647956,0.7,,0.063647956
scp43.txt,17,584,0.063116236,0.7,,0.063116236
scp43.txt,18,602,0.062773678,0.7,,0.062773678
scp43.txt,19,598,0.062341424,0.7,,0.062341424
scp43.txt,20,606,0.062053763,0.7,,0.062053763
scp43.txt,5,568,0.074874661,0.8,,0.074874661
scp43.txt,6,562,0.066312602,0.8,,0.066312602
scp43.txt,7,559,0.064475799,0.8,,0.064475799
scp43.txt,8,567,0.06338876,0.8,,0.06338876
scp43.txt,9,576,0.063142076,0.8,,0.063142076
scp43.txt,10,569,0.062940494,0.8,,0.062940494
scp43.txt,11,568,0.062195536,0.8,,0.062195536
scp43.txt,12,566,0.061631445,0.8,,0.061631445
scp43.txt,13,570,0.060979408,0.8,,0.060979408
scp43.txt,14,576,0.060644362,0.8,,0.060644362
scp43.txt,15,579,0.061159578,0.8,,0.061159578
scp43.txt,16,584,0.061634029,0.8,,0.061634029
scp43.txt,17,588,0.061131849,0.8,,0.061131849
scp43.txt,18,593,0.060808322,0.8,,0.060808322
scp43.txt,19,603,0.060400082,0.8,,0.060400082
scp43.txt,20,607,0.060128402,0.8,,0.060128402
scp43.txt,5,563,0.073189528,0.9,,0.073189528
scp43.txt,6,560,0.064264426,0.9,,0.064264426
scp43.txt,7,562,0.062524297,0.9,,0.062524297
scp43.txt,8,563,0.06149447,0.9,,0.06149447
scp43.txt,9,569,0.061260769,0.9,,0.061260769
scp43.txt,10,568,0.061069797,0.9,,0.061069797
scp43.txt,11,567,0.060364048,0.9,,0.060364048
scp43.txt,12,572,0.059829646,0.9,,0.059829646
scp43.txt,13,577,0.059211927,0.9,,0.059211927
scp43.txt,14,575,0.058894514,0.9,,0.058894514
scp43.txt,15,580,0.059382614,0.9,,0.059382614
scp43.txt,16,581,0.059832093,0.9,,0.059832093
scp43.txt,17,586,0.059356344,0.9,,0.059356344
scp43.txt,18,593,0.059049845,0.9,,0.059049845
scp43.txt,19,602,0.058663091,0.9,,0.058663091
scp43.txt,20,602,0.05840571,0.9,,0.05840571
scp43.txt,5,560,0.071672909,1,,0.071672909
scp43.txt,6,558,0.062421068,1,,0.062421068
scp43.txt,7,570,0.060767945,1,,0.060767945
scp43.txt,8,561,0.05978961,1,,0.05978961
scp43.txt,9,563,0.059567594,1,,0.059567594
scp43.txt,10,574,0.05938617,1,,0.05938617
scp43.txt,11,570,0.058715708,1,,0.058715708
scp43.txt,12,571,0.058208027,1,,0.058208027
scp43.txt,13,574,0.057621193,1,,0.057621193
scp43.txt,14,578,0.057319651,1,,0.057319651
scp43.txt,15,579,0.057783346,1,,0.057783346
scp43.txt,16,580,0.058210352,1,,0.058210352
scp43.txt,17,586,0.05775839,1,,0.05775839
scp43.txt,18,592,0.057467216,1,,0.057467216
scp43.txt,19,598,0.0570998,1,,0.0570998
scp43.txt,20,606,0.056855287,1,,0.056855287
scp43.txt,5,560,0.062067654,2,,0.062067654
scp43.txt,6,558,0.050746465,2,,0.050746465
scp43.txt,7,562,0.049644383,2,,0.049644383
scp43.txt,8,561,0.04899216,2,,0.04899216
scp43.txt,9,566,0.048844149,2,,0.048844149
scp43.txt,10,566,0.0487232,2,,0.0487232
scp43.txt,11,570,0.048276226,2,,0.048276226
scp43.txt,12,571,0.047937771,2,,0.047937771
scp43.txt,13,570,0.047546549,2,,0.047546549
scp43.txt,14,575,0.047345521,2,,0.047345521
scp43.txt,15,584,0.047654651,2,,0.047654651
scp43.txt,16,582,0.047939321,2,,0.047939321
scp43.txt,17,589,0.047638013,2,,0.047638013
scp43.txt,18,592,0.047443897,2,,0.047443897
scp43.txt,19,597,0.047198953,2,,0.047198953
scp43.txt,20,604,0.047035945,2,,0.047035945
scp43.txt,5,559,0.057265026,3,,0.057265026
scp43.txt,6,560,0.044909164,3,,0.044909164
scp43.txt,7,563,0.044082603,3,,0.044082603
scp43.txt,8,558,0.043593435,3,,0.043593435
scp43.txt,9,560,0.043482427,3,,0.043482427
scp43.txt,10,570,0.043391715,3,,0.043391715
scp43.txt,11,566,0.043056484,3,,0.043056484
scp43.txt,12,569,0.042802643,3,,0.042802643
scp43.txt,13,575,0.042509227,3,,0.042509227
scp43.txt,14,591,0.042358456,3,,0.042358456
scp43.txt,15,576,0.042590303,3,,0.042590303
scp43.txt,16,593,0.042803806,3,,0.042803806
scp43.txt,17,589,0.042577825,3,,0.042577825
scp43.txt,18,591,0.042432238,3,,0.042432238
scp43.txt,19,594,0.04224853,3,,0.04224853
scp43.txt,20,601,0.042126274,3,,0.042126274
scp43.txt,5,555,0.054383449,4,,0.054383449
scp43.txt,6,564,0.041406783,4,,0.041406783
scp43.txt,7,559,0.040745534,4,,0.040745534
scp43.txt,8,571,0.0403542,4,,0.0403542
scp43.txt,9,580,0.040265394,4,,0.040265394
scp43.txt,10,567,0.040192824,4,,0.040192824
scp43.txt,11,568,0.03992464,4,,0.03992464
scp43.txt,12,578,0.039721567,4,,0.039721567
scp43.txt,13,573,0.039486834,4,,0.039486834
scp43.txt,14,579,0.039366217,4,,0.039366217
scp43.txt,15,581,0.039551695,4,,0.039551695
scp43.txt,16,584,0.039722497,4,,0.039722497
scp43.txt,17,591,0.039541712,4,,0.039541712
scp43.txt,18,594,0.039425242,4,,0.039425242
scp43.txt,19,597,0.039278276,4,,0.039278276
scp43.txt,20,606,0.039180471,4,,0.039180471
scp43.txt,5,559,0.052462398,5,,0.052462398
scp43.txt,6,560,0.039071863,5,,0.039071863
scp43.txt,7,560,0.038520822,5,,0.038520822
scp43.txt,8,561,0.03819471,5,,0.03819471
scp43.txt,9,563,0.038120705,5,,0.038120705
scp43.txt,10,576,0.03806023,5,,0.03806023
scp43.txt,11,573,0.037836743,5,,0.037836743
scp43.txt,12,574,0.037667516,5,,0.037667516
scp43.txt,13,573,0.037471905,5,,0.037471905
scp43.txt,14,574,0.037371391,5,,0.037371391
scp43.txt,15,580,0.037525956,5,,0.037525956
scp43.txt,16,586,0.037668291,5,,0.037668291
scp43.txt,17,594,0.037517637,5,,0.037517637
scp43.txt,18,596,0.037420579,5,,0.037420579
scp43.txt,19,600,0.037298107,5,,0.037298107
scp43.txt,20,599,0.037216603,5,,0.037216603
scp43.txt,5,560,0.051090219,6,,0.051090219
scp43.txt,6,564,0.037404062,6,,0.037404062
scp43.txt,7,561,0.036931742,6,,0.036931742
scp43.txt,8,560,0.036652217,6,,0.036652217
scp43.txt,9,564,0.036588784,6,,0.036588784
scp43.txt,10,570,0.036536949,6,,0.036536949
scp43.txt,11,573,0.036345388,6,,0.036345388
scp43.txt,12,577,0.036200336,6,,0.036200336
scp43.txt,13,573,0.03603267,6,,0.03603267
scp43.txt,14,579,0.035946515,6,,0.035946515
scp43.txt,15,576,0.036078999,6,,0.036078999
scp43.txt,16,589,0.036201001,6,,0.036201001
scp43.txt,17,589,0.036071869,6,,0.036071869
scp43.txt,18,594,0.035988676,6,,0.035988676
scp43.txt,19,603,0.0358837,6,,0.0358837
scp43.txt,20,599,0.035813839,6,,0.035813839
scp43.txt,5,556,0.050061084,7,,0.050061084
scp43.txt,6,557,0.036153212,7,,0.036153212
scp43.txt,7,564,0.035739931,7,,0.035739931
scp43.txt,8,564,0.035495348,7,,0.035495348
scp43.txt,9,565,0.035439844,7,,0.035439844
scp43.txt,10,568,0.035394488,7,,0.035394488
scp43.txt,11,568,0.035226872,7,,0.035226872
scp43.txt,12,576,0.035099952,7,,0.035099952
scp43.txt,13,580,0.034953244,7,,0.034953244
scp43.txt,14,581,0.034877858,7,,0.034877858
scp43.txt,15,584,0.034993782,7,,0.034993782
scp43.txt,16,583,0.035100533,7,,0.035100533
scp43.txt,17,588,0.034987543,7,,0.034987543
scp43.txt,18,590,0.034914749,7,,0.034914749
scp43.txt,19,598,0.034822895,7,,0.034822895
scp43.txt,20,608,0.034761767,7,,0.034761767
scp43.txt,5,558,0.049260646,8,,0.049260646
scp43.txt,6,558,0.035180329,8,,0.035180329
scp43.txt,7,560,0.034812968,8,,0.034812968
scp43.txt,8,564,0.03459556,8,,0.03459556
scp43.txt,9,566,0.034546223,8,,0.034546223
scp43.txt,10,563,0.034505907,8,,0.034505907
scp43.txt,11,568,0.034356915,8,,0.034356915
scp43.txt,12,571,0.034244097,8,,0.034244097
scp43.txt,13,571,0.03411369,8,,0.03411369
scp43.txt,14,576,0.034046681,8,,0.034046681
scp43.txt,15,583,0.034149724,8,,0.034149724
scp43.txt,16,581,0.034244614,8,,0.034244614
scp43.txt,17,587,0.034144178,8,,0.034144178
scp43.txt,18,592,0.034079473,8,,0.034079473
scp43.txt,19,613,0.033997825,8,,0.033997825
scp43.txt,20,601,0.033943489,8,,0.033943489
scp43.txt,5,554,0.048620296,9,,0.048620296
scp43.txt,6,556,0.034402022,9,,0.034402022
scp43.txt,7,564,0.034071397,9,,0.034071397
scp43.txt,8,561,0.03387573,9,,0.03387573
scp43.txt,9,569,0.033831327,9,,0.033831327
scp43.txt,10,565,0.033795042,9,,0.033795042
scp43.txt,11,571,0.03366095,9,,0.03366095
scp43.txt,12,572,0.033559414,9,,0.033559414
scp43.txt,13,576,0.033442047,9,,0.033442047
scp43.txt,14,575,0.033381739,9,,0.033381739
scp43.txt,15,579,0.033474477,9,,0.033474477
scp43.txt,16,585,0.033559879,9,,0.033559879
scp43.txt,17,592,0.033469486,9,,0.033469486
scp43.txt,18,602,0.033411251,9,,0.033411251
scp43.txt,19,596,0.033337768,9,,0.033337768
scp43.txt,20,608,0.033288866,9,,0.033288866
scp43.txt,5,560,0.048096373,10,,0.048096373
scp43.txt,6,558,0.033765225,10,,0.033765225
scp43.txt,7,561,0.033464658,10,,0.033464658
scp43.txt,8,561,0.033286778,10,,0.033286778
scp43.txt,9,569,0.033246412,10,,0.033246412
scp43.txt,10,566,0.033213426,10,,0.033213426
scp43.txt,11,570,0.033091524,10,,0.033091524
scp43.txt,12,571,0.032999218,10,,0.032999218
scp43.txt,13,577,0.032892521,10,,0.032892521
scp43.txt,14,578,0.032837695,10,,0.032837695
scp43.txt,15,584,0.032922003,10,,0.032922003
scp43.txt,16,584,0.032999641,10,,0.032999641
scp43.txt,17,590,0.032917466,10,,0.032917466
scp43.txt,18,589,0.032864525,10,,0.032864525
scp43.txt,19,600,0.032797722,10,,0.032797722
scp43.txt,20,605,0.032753265,10,,0.032753265
scp51.txt,5,772,0.070810975,0.1,,0.070810975
scp51.txt,6,766,0.069987365,0.1,,0.069987365
scp51.txt,7,775,0.07539224,0.1,,0.07539224
scp51.txt,8,773,0.078279112,0.1,,0.078279112
scp51.txt,9,774,0.076457439,0.1,,0.076457439
scp51.txt,10,775,0.075252955,0.1,,0.075252955
scp51.txt,11,794,0.078418844,0.1,,0.078418844
scp51.txt,12,792,0.080081009,0.1,,0.080081009
scp51.txt,13,805,0.082647371,0.1,,0.082647371
scp51.txt,14,800,0.083934416,0.1,,0.083934416
scp51.txt,15,796,0.082705409,0.1,,0.082705409
scp51.txt,16,806,0.081316516,0.1,,0.081316516
scp51.txt,17,807,0.080340801,0.1,,0.080340801
scp51.txt,18,813,0.07923264,0.1,,0.07923264
scp51.txt,19,822,0.080941199,0.1,,0.080941199
scp51.txt,20,854,0.080981854,0.1,,0.080981854
scp51.txt,5,774,0.067132283,0.2,,0.067132283
scp51.txt,6,782,0.066377307,0.2,,0.066377307
scp51.txt,7,780,0.071331776,0.2,,0.071331776
scp51.txt,8,791,0.073978075,0.2,,0.073978075
scp51.txt,9,786,0.072308208,0.2,,0.072308208
scp51.txt,10,782,0.071204098,0.2,,0.071204098
scp51.txt,11,796,0.074106162,0.2,,0.074106162
scp51.txt,12,791,0.075629814,0.2,,0.075629814
scp51.txt,13,789,0.077982312,0.2,,0.077982312
scp51.txt,14,797,0.079162104,0.2,,0.079162104
scp51.txt,15,793,0.078035514,0.2,,0.078035514
scp51.txt,16,797,0.076762362,0.2,,0.076762362
scp51.txt,17,803,0.075867957,0.2,,0.075867957
scp51.txt,18,818,0.074852142,0.2,,0.074852142
scp51.txt,19,817,0.076418322,0.2,,0.076418322
scp51.txt,20,827,0.076455588,0.2,,0.076455588
scp51.txt,5,780,0.064019543,0.3,,0.064019543
scp51.txt,6,773,0.063322642,0.3,,0.063322642
scp51.txt,7,772,0.067895998,0.3,,0.067895998
scp51.txt,8,777,0.070338736,0.3,,0.070338736
scp51.txt,9,777,0.068797321,0.3,,0.068797321
scp51.txt,10,778,0.067778142,0.3,,0.067778142
scp51.txt,11,790,0.07045697,0.3,,0.07045697
scp51.txt,12,790,0.071863418,0.3,,0.071863418
scp51.txt,13,793,0.074034955,0.3,,0.074034955
scp51.txt,14,794,0.075123993,0.3,,0.075123993
scp51.txt,15,791,0.074084064,0.3,,0.074084064
scp51.txt,16,800,0.072908847,0.3,,0.072908847
scp51.txt,17,801,0.072083242,0.3,,0.072083242
scp51.txt,18,813,0.071145567,0.3,,0.071145567
scp51.txt,19,819,0.072591271,0.3,,0.072591271
scp51.txt,20,822,0.072625671,0.3,,0.072625671
scp51.txt,5,776,0.061351481,0.4,,0.061351481
scp51.txt,6,777,0.060704358,0.4,,0.060704358
scp51.txt,7,771,0.064951046,0.4,,0.064951046
scp51.txt,8,782,0.067219302,0.4,,0.067219302
scp51.txt,9,785,0.065787988,0.4,,0.065787988
scp51.txt,10,779,0.064841608,0.4,,0.064841608
scp51.txt,11,786,0.067329092,0.4,,0.067329092
scp51.txt,12,786,0.068635079,0.4,,0.068635079
scp51.txt,13,795,0.070651506,0.4,,0.070651506
scp51.txt,14,794,0.071662756,0.4,,0.071662756
scp51.txt,15,797,0.070697107,0.4,,0.070697107
scp51.txt,16,798,0.069605834,0.4,,0.069605834
scp51.txt,17,806,0.068839201,0.4,,0.068839201
scp51.txt,18,812,0.067968503,0.4,,0.067968503
scp51.txt,19,818,0.069310942,0.4,,0.069310942
scp51.txt,20,820,0.069342885,0.4,,0.069342885
scp51.txt,5,790,0.05903916,0.5,,0.05903916
scp51.txt,6,783,0.058435179,0.5,,0.058435179
scp51.txt,7,778,0.062398754,0.5,,0.062398754
scp51.txt,8,773,0.064515793,0.5,,0.064515793
scp51.txt,9,778,0.0631799,0.5,,0.0631799
scp51.txt,10,778,0.062296612,0.5,,0.062296612
scp51.txt,11,781,0.064618263,0.5,,0.064618263
scp51.txt,12,783,0.065837185,0.5,,0.065837185
scp51.txt,13,787,0.067719183,0.5,,0.067719183
scp51.txt,14,803,0.068663016,0.5,,0.068663016
scp51.txt,15,811,0.067761744,0.5,,0.067761744
scp51.txt,16,818,0.066743223,0.5,,0.066743223
scp51.txt,17,808,0.066027699,0.5,,0.066027699
scp51.txt,18,863,0.065215047,0.5,,0.065215047
scp51.txt,19,823,0.066467991,0.5,,0.066467991
scp51.txt,20,834,0.066497804,0.5,,0.066497804
scp51.txt,5,767,0.057015879,0.6,,0.057015879
scp51.txt,6,775,0.056449647,0.6,,0.056449647
scp51.txt,7,790,0.060165499,0.6,,0.060165499
scp51.txt,8,812,0.062150223,0.6,,0.062150223
scp51.txt,9,780,0.060897823,0.6,,0.060897823
scp51.txt,10,787,0.06006974,0.6,,0.06006974
scp51.txt,11,783,0.062246288,0.6,,0.062246288
scp51.txt,12,782,0.063389027,0.6,,0.063389027
scp51.txt,13,792,0.065153401,0.6,,0.065153401
scp51.txt,14,809,0.066038245,0.6,,0.066038245
scp51.txt,15,799,0.065193302,0.6,,0.065193302
scp51.txt,16,803,0.064238438,0.6,,0.064238438
scp51.txt,17,815,0.063567634,0.6,,0.063567634
scp51.txt,18,818,0.062805774,0.6,,0.062805774
scp51.txt,19,818,0.063980408,0.6,,0.063980408
scp51.txt,20,830,0.064008358,0.6,,0.064008358
scp51.txt,5,775,0.055230631,0.7,,0.055230631
scp51.txt,6,776,0.054697707,0.7,,0.054697707
scp51.txt,7,781,0.058194979,0.7,,0.058194979
scp51.txt,8,788,0.060062955,0.7,,0.060062955
scp51.txt,9,791,0.058884226,0.7,,0.058884226
scp51.txt,10,783,0.058104854,0.7,,0.058104854
scp51.txt,11,783,0.060153369,0.7,,0.060153369
scp51.txt,12,791,0.061228888,0.7,,0.061228888
scp51.txt,13,798,0.062889475,0.7,,0.062889475
scp51.txt,14,796,0.063722269,0.7,,0.063722269
scp51.txt,15,797,0.062927029,0.7,,0.062927029
scp51.txt,16,805,0.062028334,0.7,,0.062028334
scp51.txt,17,807,0.061396989,0.7,,0.061396989
scp51.txt,18,816,0.060679944,0.7,,0.060679944
scp51.txt,19,822,0.061785482,0.7,,0.061785482
scp51.txt,20,822,0.061811788,0.7,,0.061811788
scp51.txt,5,772,0.053643744,0.8,,0.053643744
scp51.txt,6,770,0.053140427,0.8,,0.053140427
scp51.txt,7,778,0.056443406,0.8,,0.056443406
scp51.txt,8,783,0.058207606,0.8,,0.058207606
scp51.txt,9,775,0.057094361,0.8,,0.057094361
scp51.txt,10,786,0.056358288,0.8,,0.056358288
scp51.txt,11,788,0.058292997,0.8,,0.058292997
scp51.txt,12,786,0.059308765,0.8,,0.059308765
scp51.txt,13,790,0.060877097,0.8,,0.060877097
scp51.txt,14,789,0.061663625,0.8,,0.061663625
scp51.txt,15,796,0.060912565,0.8,,0.060912565
scp51.txt,16,801,0.060063797,0.8,,0.060063797
scp51.txt,17,805,0.059467527,0.8,,0.059467527
scp51.txt,18,814,0.058790317,0.8,,0.058790317
scp51.txt,19,815,0.059834437,0.8,,0.059834437
scp51.txt,20,818,0.059859281,0.8,,0.059859281
scp51.txt,5,772,0.052223898,0.9,,0.052223898
scp51.txt,6,790,0.051747071,0.9,,0.051747071
scp51.txt,7,786,0.054876209,0.9,,0.054876209
scp51.txt,8,778,0.056547556,0.9,,0.056547556
scp51.txt,9,779,0.055492904,0.9,,0.055492904
scp51.txt,10,784,0.054795571,0.9,,0.054795571
scp51.txt,11,785,0.056628453,0.9,,0.056628453
scp51.txt,12,784,0.05759076,0.9,,0.05759076
scp51.txt,13,791,0.059076548,0.9,,0.059076548
scp51.txt,14,800,0.05982168,0.9,,0.05982168
scp51.txt,15,797,0.059110149,0.9,,0.059110149
scp51.txt,16,811,0.058306053,0.9,,0.058306053
scp51.txt,17,816,0.057741166,0.9,,0.057741166
scp51.txt,18,814,0.057099599,0.9,,0.057099599
scp51.txt,19,818,0.058088765,0.9,,0.058088765
scp51.txt,20,827,0.058112301,0.9,,0.058112301
scp51.txt,5,768,0.050946036,1,,0.050946036
scp51.txt,6,776,0.050493051,1,,0.050493051
scp51.txt,7,769,0.053465732,1,,0.053465732
scp51.txt,8,776,0.055053512,1,,0.055053512
scp51.txt,9,784,0.054051592,1,,0.054051592
scp51.txt,10,781,0.053389125,1,,0.053389125
scp51.txt,11,789,0.055130364,1,,0.055130364
scp51.txt,12,785,0.056044555,1,,0.056044555
scp51.txt,13,791,0.057456054,1,,0.057456054
scp51.txt,14,794,0.058163929,1,,0.058163929
scp51.txt,15,796,0.057487975,1,,0.057487975
scp51.txt,16,798,0.056724084,1,,0.056724084
scp51.txt,17,811,0.056187441,1,,0.056187441
scp51.txt,18,815,0.055577952,1,,0.055577952
scp51.txt,19,824,0.05651766,1,,0.05651766
scp51.txt,20,835,0.05654002,1,,0.05654002
scp51.txt,5,804,0.042852913,2,,0.042852913
scp51.txt,6,774,0.042550923,2,,0.042550923
scp51.txt,7,774,0.04453271,2,,0.04453271
scp51.txt,8,785,0.04559123,2,,0.04559123
scp51.txt,9,787,0.044923283,2,,0.044923283
scp51.txt,10,811,0.044481639,2,,0.044481639
scp51.txt,11,782,0.045642465,2,,0.045642465
scp51.txt,12,788,0.046251926,2,,0.046251926
scp51.txt,13,786,0.047192925,2,,0.047192925
scp51.txt,14,797,0.047664842,2,,0.047664842
scp51.txt,15,799,0.047214206,2,,0.047214206
scp51.txt,16,806,0.046704945,2,,0.046704945
scp51.txt,17,804,0.046347183,2,,0.046347183
scp51.txt,18,821,0.045940857,2,,0.045940857
scp51.txt,19,817,0.046567329,2,,0.046567329
scp51.txt,20,835,0.046582235,2,,0.046582235
scp51.txt,5,776,0.038806352,3,,0.038806352
scp51.txt,6,776,0.038579859,3,,0.038579859
scp51.txt,7,772,0.040066199,3,,0.040066199
scp51.txt,8,788,0.040860089,3,,0.040860089
scp51.txt,9,793,0.040359129,3,,0.040359129
scp51.txt,10,791,0.040027896,3,,0.040027896
scp51.txt,11,786,0.040898515,3,,0.040898515
scp51.txt,12,802,0.041355611,3,,0.041355611
scp51.txt,13,792,0.04206136,3,,0.04206136
scp51.txt,14,794,0.042415298,3,,0.042415298
scp51.txt,15,798,0.042077321,3,,0.042077321
scp51.txt,16,806,0.041695375,3,,0.041695375
scp51.txt,17,815,0.041427054,3,,0.041427054
scp51.txt,18,812,0.041122309,3,,0.041122309
scp51.txt,19,819,0.041592163,3,,0.041592163
scp51.txt,20,836,0.041603343,3,,0.041603343
scp51.txt,5,773,0.036378415,4,,0.036378415
scp51.txt,6,779,0.03619722,4,,0.03619722
scp51.txt,7,773,0.037386293,4,,0.037386293
scp51.txt,8,779,0.038021405,4,,0.038021405
scp51.txt,9,790,0.037620637,4,,0.037620637
scp51.txt,10,782,0.03735565,4,,0.03735565
scp51.txt,11,784,0.038052146,4,,0.038052146
scp51.txt,12,795,0.038417822,4,,0.038417822
scp51.txt,13,804,0.038982422,4,,0.038982422
scp51.txt,14,796,0.039265572,4,,0.039265572
scp51.txt,15,805,0.03899519,4,,0.03899519
scp51.txt,16,800,0.038689634,4,,0.038689634
scp51.txt,17,815,0.038474976,4,,0.038474976
scp51.txt,18,825,0.038231181,4,,0.038231181
scp51.txt,19,830,0.038607064,4,,0.038607064
scp51.txt,20,827,0.038616008,4,,0.038616008
scp51.txt,5,768,0.03475979,5,,0.03475979
scp51.txt,6,782,0.034608795,5,,0.034608795
scp51.txt,7,798,0.035599689,5,,0.035599689
scp51.txt,8,781,0.036128948,5,,0.036128948
scp51.txt,9,790,0.035794975,5,,0.035794975
scp51.txt,10,780,0.035574153,5,,0.035574153
scp51.txt,11,791,0.036154566,5,,0.036154566
scp51.txt,12,796,0.036459296,5,,0.036459296
scp51.txt,13,784,0.036929796,5,,0.036929796
scp51.txt,14,790,0.037165754,5,,0.037165754
scp51.txt,15,803,0.036940436,5,,0.036940436
scp51.txt,16,795,0.036685806,5,,0.036685806
scp51.txt,17,809,0.036506925,5,,0.036506925
scp51.txt,18,818,0.036303762,5,,0.036303762
scp51.txt,19,821,0.036616998,5,,0.036616998
scp51.txt,20,838,0.036624451,5,,0.036624451
scp51.txt,5,776,0.033603629,6,,0.033603629
scp51.txt,6,775,0.033474205,6,,0.033474205
scp51.txt,7,782,0.034323543,6,,0.034323543
scp51.txt,8,774,0.034777194,6,,0.034777194
scp51.txt,9,793,0.034490931,6,,0.034490931
scp51.txt,10,783,0.034301655,6,,0.034301655
scp51.txt,11,784,0.034799152,6,,0.034799152
scp51.txt,12,785,0.035060349,6,,0.035060349
scp51.txt,13,784,0.035463635,6,,0.035463635
scp51.txt,14,788,0.035665884,6,,0.035665884
scp51.txt,15,791,0.035472755,6,,0.035472755
scp51.txt,16,801,0.0352545,6,,0.0352545
scp51.txt,17,810,0.035101174,6,,0.035101174
scp51.txt,18,810,0.034927034,6,,0.034927034
scp51.txt,19,816,0.035195522,6,,0.035195522
scp51.txt,20,816,0.03520191,6,,0.03520191
scp51.txt,5,771,0.032736509,7,,0.032736509
scp51.txt,6,775,0.032623263,7,,0.032623263
scp51.txt,7,768,0.033366433,7,,0.033366433
scp51.txt,8,779,0.033763378,7,,0.033763378
scp51.txt,9,777,0.033512898,7,,0.033512898
scp51.txt,10,789,0.033347281,7,,0.033347281
scp51.txt,11,782,0.033782591,7,,0.033782591
scp51.txt,12,804,0.034011139,7,,0.034011139
scp51.txt,13,788,0.034364014,7,,0.034364014
scp51.txt,14,790,0.034540982,7,,0.034540982
scp51.txt,15,797,0.034371994,7,,0.034371994
scp51.txt,16,801,0.034181021,7,,0.034181021
scp51.txt,17,807,0.03404686,7,,0.03404686
scp51.txt,18,816,0.033894488,7,,0.033894488
scp51.txt,19,828,0.034129415,7,,0.034129415
scp51.txt,20,825,0.034135005,7,,0.034135005
scp51.txt,5,774,0.032062082,8,,0.032062082
scp51.txt,6,768,0.031961419,8,,0.031961419
scp51.txt,7,772,0.032622015,8,,0.032622015
scp51.txt,8,773,0.032974854,8,,0.032974854
scp51.txt,9,785,0.032752206,8,,0.032752206
scp51.txt,10,778,0.032604991,8,,0.032604991
scp51.txt,11,777,0.032991933,8,,0.032991933
scp51.txt,12,799,0.033195086,8,,0.033195086
scp51.txt,13,792,0.033508753,8,,0.033508753
scp51.txt,14,791,0.033666058,8,,0.033666058
scp51.txt,15,798,0.033515846,8,,0.033515846
scp51.txt,16,799,0.033346093,8,,0.033346093
scp51.txt,17,815,0.033226839,8,,0.033226839
scp51.txt,18,814,0.033091397,8,,0.033091397
scp51.txt,19,819,0.033300221,8,,0.033300221
scp51.txt,20,828,0.03330519,8,,0.03330519
scp51.txt,5,779,0.031522541,9,,0.031522541
scp51.txt,6,770,0.031431943,9,,0.031431943
scp51.txt,7,778,0.03202648,9,,0.03202648
scp51.txt,8,773,0.032344036,9,,0.032344036
scp51.txt,9,774,0.032143652,9,,0.032143652
scp51.txt,10,780,0.032011158,9,,0.032011158
scp51.txt,11,782,0.032359406,9,,0.032359406
scp51.txt,12,795,0.032542244,9,,0.032542244
scp51.txt,13,792,0.032824544,9,,0.032824544
scp51.txt,14,788,0.032966119,9,,0.032966119
scp51.txt,15,808,0.032830928,9,,0.032830928
scp51.txt,16,803,0.03267815,9,,0.03267815
scp51.txt,17,829,0.032570821,9,,0.032570821
scp51.txt,18,806,0.032448924,9,,0.032448924
scp51.txt,19,814,0.032636865,9,,0.032636865
scp51.txt,20,827,0.032641337,9,,0.032641337
scp51.txt,5,766,0.031081098,10,,0.031081098
scp51.txt,6,769,0.030998737,10,,0.030998737
scp51.txt,7,771,0.031539224,10,,0.031539224
scp51.txt,8,774,0.031827911,10,,0.031827911
scp51.txt,9,772,0.031645744,10,,0.031645744
scp51.txt,10,787,0.031525296,10,,0.031525296
scp51.txt,11,777,0.031841884,10,,0.031841884
scp51.txt,12,783,0.032008101,10,,0.032008101
scp51.txt,13,786,0.032264737,10,,0.032264737
scp51.txt,14,803,0.032393442,10,,0.032393442
scp51.txt,15,795,0.032270541,10,,0.032270541
scp51.txt,16,800,0.032131652,10,,0.032131652
scp51.txt,17,809,0.03203408,10,,0.03203408
scp51.txt,18,813,0.031923264,10,,0.031923264
scp51.txt,19,817,0.03209412,10,,0.03209412
scp51.txt,20,820,0.032098185,10,,0.032098185
scp52.txt,5,856,0.110475743,0.1,,0.110475743
scp52.txt,6,866,0.112445355,0.1,,0.112445355
scp52.txt,7,869,0.105546972,0.1,,0.105546972
scp52.txt,8,883,0.103154786,0.1,,0.103154786
scp52.txt,9,873,0.100352501,0.1,,0.100352501
scp52.txt,10,872,0.098645437,0.1,,0.098645437
scp52.txt,11,883,0.096521047,0.1,,0.096521047
scp52.txt,12,885,0.095545266,0.1,,0.095545266
scp52.txt,13,886,0.098203928,0.1,,0.098203928
scp52.txt,14,888,0.098139885,0.1,,0.098139885
scp52.txt,15,891,0.097140596,0.1,,0.097140596
scp52.txt,16,895,0.095825433,0.1,,0.095825433
scp52.txt,17,902,0.095031165,0.1,,0.095031165
scp52.txt,18,913,0.093984846,0.1,,0.093984846
scp52.txt,19,910,0.093295267,0.1,,0.093295267
scp52.txt,20,923,0.092320535,0.1,,0.092320535
scp52.txt,5,865,0.106031336,0.2,,0.106031336
scp52.txt,6,875,0.107836814,0.2,,0.107836814
scp52.txt,7,876,0.09916685,0.2,,0.09916685
scp52.txt,8,867,0.096974013,0.2,,0.096974013
scp52.txt,9,875,0.094405251,0.2,,0.094405251
scp52.txt,10,879,0.092840442,0.2,,0.092840442
scp52.txt,11,888,0.090893085,0.2,,0.090893085
scp52.txt,12,875,0.089998619,0.2,,0.089998619
scp52.txt,13,896,0.092435727,0.2,,0.092435727
scp52.txt,14,887,0.09237702,0.2,,0.09237702
scp52.txt,15,897,0.091461005,0.2,,0.091461005
scp52.txt,16,902,0.090255439,0.2,,0.090255439
scp52.txt,17,903,0.08952736,0.2,,0.08952736
scp52.txt,18,899,0.088568234,0.2,,0.088568234
scp52.txt,19,910,0.08793612,0.2,,0.08793612
scp52.txt,20,921,0.087042616,0.2,,0.087042616
scp52.txt,5,877,0.102270683,0.3,,0.102270683
scp52.txt,6,867,0.103937279,0.3,,0.103937279
scp52.txt,7,865,0.093768285,0.3,,0.093768285
scp52.txt,8,863,0.091744128,0.3,,0.091744128
scp52.txt,9,865,0.089372963,0.3,,0.089372963
scp52.txt,10,876,0.087928524,0.3,,0.087928524
scp52.txt,11,872,0.086130964,0.3,,0.086130964
scp52.txt,12,883,0.085305303,0.3,,0.085305303
scp52.txt,13,885,0.08755494,0.3,,0.08755494
scp52.txt,14,904,0.08750075,0.3,,0.08750075
scp52.txt,15,892,0.086655197,0.3,,0.086655197
scp52.txt,16,903,0.085542367,0.3,,0.085542367
scp52.txt,17,906,0.084870295,0.3,,0.084870295
scp52.txt,18,903,0.083984948,0.3,,0.083984948
scp52.txt,19,908,0.083401458,0.3,,0.083401458
scp52.txt,20,920,0.082576685,0.3,,0.082576685
scp52.txt,5,866,0.099047267,0.4,,0.099047267
scp52.txt,6,882,0.10059482,0.4,,0.10059482
scp52.txt,7,864,0.089140944,0.4,,0.089140944
scp52.txt,8,875,0.087261369,0.4,,0.087261369
scp52.txt,9,872,0.085059574,0.4,,0.085059574
scp52.txt,10,873,0.083718309,0.4,,0.083718309
scp52.txt,11,899,0.082049146,0.4,,0.082049146
scp52.txt,12,876,0.08128246,0.4,,0.08128246
scp52.txt,13,884,0.08337141,0.4,,0.08337141
scp52.txt,14,882,0.08332109,0.4,,0.08332109
scp52.txt,15,893,0.082535934,0.4,,0.082535934
scp52.txt,16,897,0.081502592,0.4,,0.081502592
scp52.txt,17,900,0.080878524,0.4,,0.080878524
scp52.txt,18,923,0.080056416,0.4,,0.080056416
scp52.txt,19,909,0.079514604,0.4,,0.079514604
scp52.txt,20,928,0.078748743,0.4,,0.078748743
scp52.txt,5,882,0.09625364,0.5,,0.09625364
scp52.txt,6,873,0.097698022,0.5,,0.097698022
scp52.txt,7,873,0.085130581,0.5,,0.085130581
scp52.txt,8,873,0.083376312,0.5,,0.083376312
scp52.txt,9,865,0.081321303,0.5,,0.081321303
scp52.txt,10,870,0.080069455,0.5,,0.080069455
scp52.txt,11,878,0.07851157,0.5,,0.07851157
scp52.txt,12,878,0.077795997,0.5,,0.077795997
scp52.txt,13,881,0.079745683,0.5,,0.079745683
scp52.txt,14,881,0.079698718,0.5,,0.079698718
scp52.txt,15,888,0.078965905,0.5,,0.078965905
scp52.txt,16,894,0.078001453,0.5,,0.078001453
scp52.txt,17,911,0.07741899,0.5,,0.07741899
scp52.txt,18,908,0.076651689,0.5,,0.076651689
scp52.txt,19,909,0.076145998,0.5,,0.076145998
scp52.txt,20,934,0.075431194,0.5,,0.075431194
scp52.txt,5,883,0.093809216,0.6,,0.093809216
scp52.txt,6,872,0.095163325,0.6,,0.095163325
scp52.txt,7,881,0.081621514,0.6,,0.081621514
scp52.txt,8,878,0.079976887,0.6,,0.079976887
scp52.txt,9,880,0.078050315,0.6,,0.078050315
scp52.txt,10,869,0.076876709,0.6,,0.076876709
scp52.txt,11,880,0.075416191,0.6,,0.075416191
scp52.txt,12,884,0.074745341,0.6,,0.074745341
scp52.txt,13,894,0.076573172,0.6,,0.076573172
scp52.txt,14,890,0.076529142,0.6,,0.076529142
scp52.txt,15,899,0.07584213,0.6,,0.07584213
scp52.txt,16,893,0.074937956,0.6,,0.074937956
scp52.txt,17,906,0.074391897,0.6,,0.074391897
scp52.txt,18,914,0.073672553,0.6,,0.073672553
scp52.txt,19,915,0.073198467,0.6,,0.073198467
scp52.txt,20,919,0.072528339,0.6,,0.072528339
scp52.txt,5,868,0.091652371,0.7,,0.091652371
scp52.txt,6,867,0.092926827,0.7,,0.092926827
scp52.txt,7,869,0.078525278,0.7,,0.078525278
scp52.txt,8,867,0.076977394,0.7,,0.076977394
scp52.txt,9,870,0.07516415,0.7,,0.07516415
scp52.txt,10,872,0.074059579,0.7,,0.074059579
scp52.txt,11,902,0.072684974,0.7,,0.072684974
scp52.txt,12,896,0.072053586,0.7,,0.072053586
scp52.txt,13,882,0.073773897,0.7,,0.073773897
scp52.txt,14,886,0.073732458,0.7,,0.073732458
scp52.txt,15,891,0.073085859,0.7,,0.073085859
scp52.txt,16,898,0.072234871,0.7,,0.072234871
scp52.txt,17,896,0.071720933,0.7,,0.071720933
scp52.txt,18,909,0.071043903,0.7,,0.071043903
scp52.txt,19,916,0.070597705,0.7,,0.070597705
scp52.txt,20,917,0.069966996,0.7,,0.069966996
scp52.txt,5,871,0.089735176,0.8,,0.089735176
scp52.txt,6,876,0.090938828,0.8,,0.090938828
scp52.txt,7,877,0.075773069,0.8,,0.075773069
scp52.txt,8,877,0.074311178,0.8,,0.074311178
scp52.txt,9,882,0.07259867,0.8,,0.07259867
scp52.txt,10,882,0.071555464,0.8,,0.071555464
scp52.txt,11,876,0.070257226,0.8,,0.070257226
scp52.txt,12,882,0.069660915,0.8,,0.069660915
scp52.txt,13,901,0.071285653,0.8,,0.071285653
scp52.txt,14,887,0.071246516,0.8,,0.071246516
scp52.txt,15,895,0.070635839,0.8,,0.070635839
scp52.txt,16,898,0.069832128,0.8,,0.069832128
scp52.txt,17,906,0.069346743,0.8,,0.069346743
scp52.txt,18,907,0.068707325,0.8,,0.068707325
scp52.txt,19,911,0.068285916,0.8,,0.068285916
scp52.txt,20,915,0.067690246,0.8,,0.067690246
scp52.txt,5,868,0.088019791,0.9,,0.088019791
scp52.txt,6,865,0.089160093,0.9,,0.089160093
scp52.txt,7,878,0.073310566,0.9,,0.073310566
scp52.txt,8,880,0.071925616,0.9,,0.071925616
scp52.txt,9,879,0.07030324,0.9,,0.07030324
scp52.txt,10,889,0.06931494,0.9,,0.06931494
scp52.txt,11,878,0.06808503,0.9,,0.06808503
scp52.txt,12,901,0.067520104,0.9,,0.067520104
scp52.txt,13,887,0.06905933,0.9,,0.06905933
scp52.txt,14,898,0.069022252,0.9,,0.069022252
scp52.txt,15,886,0.068443716,0.9,,0.068443716
scp52.txt,16,887,0.067682306,0.9,,0.067682306
scp52.txt,17,898,0.067222467,0.9,,0.067222467
scp52.txt,18,904,0.066616703,0.9,,0.066616703
scp52.txt,19,920,0.066217473,0.9,,0.066217473
scp52.txt,20,921,0.065653155,0.9,,0.065653155
scp52.txt,5,867,0.086475944,1,,0.086475944
scp52.txt,6,878,0.087559231,1,,0.087559231
scp52.txt,7,884,0.071094313,1,,0.071094313
scp52.txt,8,865,0.069778611,1,,0.069778611
scp52.txt,9,881,0.068237354,1,,0.068237354
scp52.txt,10,881,0.067298468,1,,0.067298468
scp52.txt,11,883,0.066130054,1,,0.066130054
scp52.txt,12,881,0.065593374,1,,0.065593374
scp52.txt,13,891,0.067055639,1,,0.067055639
scp52.txt,14,888,0.067020415,1,,0.067020415
scp52.txt,15,892,0.066470806,1,,0.066470806
scp52.txt,16,890,0.065747466,1,,0.065747466
scp52.txt,17,903,0.065310619,1,,0.065310619
scp52.txt,18,906,0.064735143,1,,0.064735143
scp52.txt,19,906,0.064355875,1,,0.064355875
scp52.txt,20,924,0.063819772,1,,0.063819772
scp52.txt,5,878,0.076698248,2,,0.076698248
scp52.txt,6,864,0.07742044,2,,0.07742044
scp52.txt,7,865,0.057058044,2,,0.057058044
scp52.txt,8,867,0.05618091,2,,0.05618091
scp52.txt,9,879,0.055153405,2,,0.055153405
scp52.txt,10,899,0.054527481,2,,0.054527481
scp52.txt,11,893,0.053748538,2,,0.053748538
scp52.txt,12,878,0.053390752,2,,0.053390752
scp52.txt,13,891,0.054365595,2,,0.054365595
scp52.txt,14,899,0.054342113,2,,0.054342113
scp52.txt,15,897,0.053975706,2,,0.053975706
scp52.txt,16,901,0.05349348,2,,0.05349348
scp52.txt,17,908,0.053202248,2,,0.053202248
scp52.txt,18,901,0.052818598,2,,0.052818598
scp52.txt,19,907,0.052565752,2,,0.052565752
scp52.txt,20,960,0.052208351,2,,0.052208351
scp52.txt,5,880,0.071809401,3,,0.071809401
scp52.txt,6,865,0.072351044,3,,0.072351044
scp52.txt,7,875,0.05003991,3,,0.05003991
scp52.txt,8,876,0.049382059,3,,0.049382059
scp52.txt,9,881,0.04861143,3,,0.04861143
scp52.txt,10,875,0.048141988,3,,0.048141988
scp52.txt,11,874,0.047557781,3,,0.047557781
scp52.txt,12,879,0.047289441,3,,0.047289441
scp52.txt,13,881,0.048020573,3,,0.048020573
scp52.txt,14,898,0.048002961,3,,0.048002961
scp52.txt,15,893,0.047728157,3,,0.047728157
scp52.txt,16,893,0.047366487,3,,0.047366487
scp52.txt,17,898,0.047148063,3,,0.047148063
scp52.txt,18,904,0.046860325,3,,0.046860325
scp52.txt,19,908,0.046670691,3,,0.046670691
scp52.txt,20,916,0.04640264,3,,0.04640264
scp52.txt,5,860,0.068876092,4,,0.068876092
scp52.txt,6,870,0.069309407,4,,0.069309407
scp52.txt,7,869,0.045829029,4,,0.045829029
scp52.txt,8,867,0.045302749,4,,0.045302749
scp52.txt,9,875,0.044686246,4,,0.044686246
scp52.txt,10,885,0.044310692,4,,0.044310692
scp52.txt,11,886,0.043843326,4,,0.043843326
scp52.txt,12,883,0.043628654,4,,0.043628654
scp52.txt,13,880,0.04421356,4,,0.04421356
scp52.txt,14,882,0.04419947,4,,0.04419947
scp52.txt,15,886,0.043979627,4,,0.043979627
scp52.txt,16,892,0.043690291,4,,0.043690291
scp52.txt,17,903,0.043515552,4,,0.043515552
scp52.txt,18,912,0.043285362,4,,0.043285362
scp52.txt,19,912,0.043133654,4,,0.043133654
scp52.txt,20,917,0.042919213,4,,0.042919213
scp52.txt,5,874,0.066920553,5,,0.066920553
scp52.txt,6,863,0.067281648,5,,0.067281648
scp52.txt,7,878,0.043021776,5,,0.043021776
scp52.txt,8,865,0.042583208,5,,0.042583208
scp52.txt,9,886,0.042069456,5,,0.042069456
scp52.txt,10,877,0.041756494,5,,0.041756494
scp52.txt,11,891,0.041367023,5,,0.041367023
scp52.txt,12,878,0.04118813,5,,0.04118813
scp52.txt,13,890,0.041675551,5,,0.041675551
scp52.txt,14,896,0.04166381,5,,0.04166381
scp52.txt,15,888,0.041480607,5,,0.041480607
scp52.txt,16,899,0.041239494,5,,0.041239494
scp52.txt,17,907,0.041093878,5,,0.041093878
scp52.txt,18,910,0.040902053,5,,0.040902053
scp52.txt,19,910,0.04077563,5,,0.04077563
scp52.txt,20,917,0.040596929,5,,0.040596929
scp52.txt,5,862,0.065523739,6,,0.065523739
scp52.txt,6,869,0.06583325,6,,0.06583325
scp52.txt,7,872,0.041016595,6,,0.041016595
scp52.txt,8,874,0.04064068,6,,0.04064068
scp52.txt,9,880,0.040200321,6,,0.040200321
scp52.txt,10,875,0.039932068,6,,0.039932068
scp52.txt,11,876,0.039598235,6,,0.039598235
scp52.txt,12,875,0.039444898,6,,0.039444898
scp52.txt,13,876,0.039862688,6,,0.039862688
scp52.txt,14,885,0.039852624,6,,0.039852624
scp52.txt,15,888,0.039695593,6,,0.039695593
scp52.txt,16,901,0.039488924,6,,0.039488924
scp52.txt,17,905,0.039364111,6,,0.039364111
scp52.txt,18,907,0.039199689,6,,0.039199689
scp52.txt,19,911,0.039091327,6,,0.039091327
scp52.txt,20,921,0.038938154,6,,0.038938154
scp52.txt,5,889,0.064476129,7,,0.064476129
scp52.txt,6,868,0.064746951,7,,0.064746951
scp52.txt,7,874,0.039512709,7,,0.039512709
scp52.txt,8,874,0.039183783,7,,0.039183783
scp52.txt,9,878,0.038798469,7,,0.038798469
scp52.txt,10,867,0.038563748,7,,0.038563748
scp52.txt,11,885,0.038271644,7,,0.038271644
scp52.txt,12,883,0.038137474,7,,0.038137474
scp52.txt,13,885,0.03850304,7,,0.03850304
scp52.txt,14,890,0.038494234,7,,0.038494234
scp52.txt,15,897,0.038356832,7,,0.038356832
scp52.txt,16,892,0.038175997,7,,0.038175997
scp52.txt,17,915,0.038066785,7,,0.038066785
scp52.txt,18,904,0.037922916,7,,0.037922916
scp52.txt,19,914,0.037828099,7,,0.037828099
scp52.txt,20,924,0.037694074,7,,0.037694074
scp52.txt,5,869,0.063661321,8,,0.063661321
scp52.txt,6,871,0.063902051,8,,0.063902051
scp52.txt,7,868,0.03834302,8,,0.03834302
scp52.txt,8,866,0.038050641,8,,0.038050641
scp52.txt,9,868,0.03770814,8,,0.03770814
scp52.txt,10,875,0.037499499,8,,0.037499499
scp52.txt,11,869,0.037239851,8,,0.037239851
scp52.txt,12,879,0.037120589,8,,0.037120589
scp52.txt,13,885,0.037445536,8,,0.037445536
scp52.txt,14,890,0.037437709,8,,0.037437709
scp52.txt,15,895,0.037315574,8,,0.037315574
scp52.txt,16,900,0.037154831,8,,0.037154831
scp52.txt,17,911,0.037057754,8,,0.037057754
scp52.txt,18,909,0.036929871,8,,0.036929871
scp52.txt,19,923,0.036845589,8,,0.036845589
scp52.txt,20,922,0.036726455,8,,0.036726455
scp52.txt,5,862,0.063009475,9,,0.063009475
scp52.txt,6,862,0.063226132,9,,0.063226132
scp52.txt,7,866,0.037407268,9,,0.037407268
scp52.txt,8,875,0.037144128,9,,0.037144128
scp52.txt,9,873,0.036835877,9,,0.036835877
scp52.txt,10,876,0.036648099,9,,0.036648099
scp52.txt,11,887,0.036414417,9,,0.036414417
scp52.txt,12,887,0.036307081,9,,0.036307081
scp52.txt,13,889,0.036599534,9,,0.036599534
scp52.txt,14,896,0.036592489,9,,0.036592489
scp52.txt,15,897,0.036482567,9,,0.036482567
scp52.txt,16,897,0.036337899,9,,0.036337899
scp52.txt,17,910,0.03625053,9,,0.03625053
scp52.txt,18,903,0.036135434,9,,0.036135434
scp52.txt,19,919,0.036059581,9,,0.036059581
scp52.txt,20,925,0.03595236,9,,0.03595236
scp52.txt,5,868,0.062476146,10,,0.062476146
scp52.txt,6,876,0.062673107,10,,0.062673107
scp52.txt,7,875,0.036641654,10,,0.036641654
scp52.txt,8,875,0.036402435,10,,0.036402435
scp52.txt,9,869,0.036122207,10,,0.036122207
scp52.txt,10,903,0.0359515,10,,0.0359515
scp52.txt,11,875,0.035739061,10,,0.035739061
scp52.txt,12,889,0.035641483,10,,0.035641483
scp52.txt,13,882,0.035907349,10,,0.035907349
scp52.txt,14,889,0.035900945,10,,0.035900945
scp52.txt,15,885,0.035801016,10,,0.035801016
scp52.txt,16,898,0.0356695,10,,0.0356695
scp52.txt,17,905,0.035590073,10,,0.035590073
scp52.txt,18,902,0.035485441,10,,0.035485441
scp52.txt,19,915,0.035416483,10,,0.035416483
scp52.txt,20,922,0.03531901,10,,0.03531901
scp53.txt,5,745,0.102898663,0.1,,0.102898663
scp53.txt,6,746,0.101997945,0.1,,0.101997945
scp53.txt,7,746,0.103083744,0.1,,0.103083744
scp53.txt,8,748,0.104455102,0.1,,0.104455102
scp53.txt,9,748,0.102275696,0.1,,0.102275696
scp53.txt,10,754,0.101390184,0.1,,0.101390184
scp53.txt,11,751,0.099921009,0.1,,0.099921009
scp53.txt,12,754,0.099282235,0.1,,0.099282235
scp53.txt,13,762,0.100284697,0.1,,0.100284697
scp53.txt,14,765,0.101308782,0.1,,0.101308782
scp53.txt,15,774,0.102077289,0.1,,0.102077289
scp53.txt,16,773,0.102877441,0.1,,0.102877441
scp53.txt,17,773,0.101909245,0.1,,0.101909245
scp53.txt,18,787,0.101304522,0.1,,0.101304522
scp53.txt,19,798,0.103046453,0.1,,0.103046453
scp53.txt,20,799,0.104606521,0.1,,0.104606521
scp53.txt,5,745,0.096849027,0.2,,0.096849027
scp53.txt,6,756,0.096023369,0.2,,0.096023369
scp53.txt,7,746,0.097018685,0.2,,0.097018685
scp53.txt,8,756,0.098275763,0.2,,0.098275763
scp53.txt,9,753,0.096277974,0.2,,0.096277974
scp53.txt,10,749,0.095466254,0.2,,0.095466254
scp53.txt,11,757,0.09411951,0.2,,0.09411951
scp53.txt,12,757,0.093533968,0.2,,0.093533968
scp53.txt,13,761,0.094452892,0.2,,0.094452892
scp53.txt,14,778,0.095391636,0.2,,0.095391636
scp53.txt,15,773,0.0960961,0.2,,0.0960961
scp53.txt,16,769,0.096829574,0.2,,0.096829574
scp53.txt,17,780,0.095942061,0.2,,0.095942061
scp53.txt,18,779,0.095387731,0.2,,0.095387731
scp53.txt,19,790,0.096984501,0.2,,0.096984501
scp53.txt,20,794,0.098414564,0.2,,0.098414564
scp53.txt,5,761,0.091730104,0.3,,0.091730104
scp53.txt,6,753,0.090967958,0.3,,0.090967958
scp53.txt,7,745,0.091886711,0.3,,0.091886711
scp53.txt,8,746,0.093047091,0.3,,0.093047091
scp53.txt,9,756,0.091202978,0.3,,0.091202978
scp53.txt,10,753,0.090453699,0.3,,0.090453699
scp53.txt,11,762,0.08921055,0.3,,0.08921055
scp53.txt,12,762,0.088670049,0.3,,0.088670049
scp53.txt,13,772,0.089518287,0.3,,0.089518287
scp53.txt,14,785,0.09038482,0.3,,0.09038482
scp53.txt,15,777,0.091035095,0.3,,0.091035095
scp53.txt,16,782,0.091712147,0.3,,0.091712147
scp53.txt,17,784,0.090892904,0.3,,0.090892904
scp53.txt,18,784,0.090381216,0.3,,0.090381216
scp53.txt,19,795,0.091855157,0.3,,0.091855157
scp53.txt,20,797,0.093175215,0.3,,0.093175215
scp53.txt,5,755,0.087342456,0.4,,0.087342456
scp53.txt,6,755,0.086634749,0.4,,0.086634749
scp53.txt,7,773,0.087487877,0.4,,0.087487877
scp53.txt,8,756,0.088565372,0.4,,0.088565372
scp53.txt,9,757,0.086852982,0.4,,0.086852982
scp53.txt,10,756,0.086157222,0.4,,0.086157222
scp53.txt,11,772,0.08500287,0.4,,0.08500287
scp53.txt,12,766,0.084500977,0.4,,0.084500977
scp53.txt,13,773,0.085288626,0.4,,0.085288626
scp53.txt,14,770,0.086093264,0.4,,0.086093264
scp53.txt,15,775,0.08669709,0.4,,0.08669709
scp53.txt,16,781,0.087325782,0.4,,0.087325782
scp53.txt,17,787,0.086565056,0.4,,0.086565056
scp53.txt,18,786,0.086089917,0.4,,0.086089917
scp53.txt,19,797,0.087458577,0.4,,0.087458577
scp53.txt,20,794,0.088684345,0.4,,0.088684345
scp53.txt,5,747,0.083539828,0.5,,0.083539828
scp53.txt,6,752,0.082879301,0.5,,0.082879301
scp53.txt,7,755,0.083675554,0.5,,0.083675554
scp53.txt,8,748,0.084681216,0.5,,0.084681216
scp53.txt,9,767,0.083082985,0.5,,0.083082985
scp53.txt,10,762,0.082433609,0.5,,0.082433609
scp53.txt,11,776,0.081356214,0.5,,0.081356214
scp53.txt,12,774,0.08088778,0.5,,0.08088778
scp53.txt,13,769,0.081622919,0.5,,0.081622919
scp53.txt,14,770,0.082373915,0.5,,0.082373915
scp53.txt,15,776,0.082937486,0.5,,0.082937486
scp53.txt,16,771,0.083524265,0.5,,0.083524265
scp53.txt,17,781,0.082814255,0.5,,0.082814255
scp53.txt,18,787,0.082370791,0.5,,0.082370791
scp53.txt,19,793,0.083648207,0.5,,0.083648207
scp53.txt,20,799,0.084792257,0.5,,0.084792257
scp53.txt,5,740,0.080212528,0.6,,0.080212528
scp53.txt,6,747,0.079593284,0.6,,0.079593284
scp53.txt,7,755,0.080339771,0.6,,0.080339771
scp53.txt,8,761,0.08128258,0.6,,0.08128258
scp53.txt,9,761,0.079784238,0.6,,0.079784238
scp53.txt,10,759,0.079175448,0.6,,0.079175448
scp53.txt,11,762,0.07816539,0.6,,0.07816539
scp53.txt,12,760,0.077726233,0.6,,0.077726233
scp53.txt,13,769,0.078415426,0.6,,0.078415426
scp53.txt,14,773,0.079119485,0.6,,0.079119485
scp53.txt,15,781,0.079647833,0.6,,0.079647833
scp53.txt,16,782,0.080197938,0.6,,0.080197938
scp53.txt,17,785,0.079532303,0.6,,0.079532303
scp53.txt,18,789,0.079116556,0.6,,0.079116556
scp53.txt,19,792,0.080314134,0.6,,0.080314134
scp53.txt,20,802,0.08138668,0.6,,0.08138668
scp53.txt,5,744,0.077276675,0.7,,0.077276675
scp53.txt,6,761,0.076693858,0.7,,0.076693858
scp53.txt,7,760,0.077396434,0.7,,0.077396434
scp53.txt,8,750,0.078283783,0.7,,0.078283783
scp53.txt,9,751,0.076873579,0.7,,0.076873579
scp53.txt,10,753,0.0763006,0.7,,0.0763006
scp53.txt,11,758,0.075349957,0.7,,0.075349957
scp53.txt,12,764,0.074936633,0.7,,0.074936633
scp53.txt,13,761,0.075585285,0.7,,0.075585285
scp53.txt,14,772,0.076247928,0.7,,0.076247928
scp53.txt,15,776,0.076745197,0.7,,0.076745197
scp53.txt,16,787,0.077262943,0.7,,0.077262943
scp53.txt,17,777,0.076636464,0.7,,0.076636464
scp53.txt,18,786,0.076245172,0.7,,0.076245172
scp53.txt,19,791,0.077372304,0.7,,0.077372304
scp53.txt,20,812,0.07838176,0.7,,0.07838176
scp53.txt,5,757,0.074667028,0.8,,0.074667028
scp53.txt,6,745,0.074116589,0.8,,0.074116589
scp53.txt,7,762,0.074780133,0.8,,0.074780133
scp53.txt,8,755,0.075618185,0.8,,0.075618185
scp53.txt,9,750,0.074286326,0.8,,0.074286326
scp53.txt,10,762,0.07374518,0.8,,0.07374518
scp53.txt,11,752,0.07284735,0.8,,0.07284735
scp53.txt,12,764,0.072456989,0.8,,0.072456989
scp53.txt,13,772,0.073069605,0.8,,0.073069605
scp53.txt,14,772,0.073695434,0.8,,0.073695434
scp53.txt,15,776,0.074165077,0.8,,0.074165077
scp53.txt,16,773,0.074654059,0.8,,0.074654059
scp53.txt,17,786,0.074062384,0.8,,0.074062384
scp53.txt,18,782,0.073692831,0.8,,0.073692831
scp53.txt,19,790,0.074757344,0.8,,0.074757344
scp53.txt,20,800,0.075710719,0.8,,0.075710719
scp53.txt,5,746,0.072332081,0.9,,0.072332081
scp53.txt,6,752,0.071810613,0.9,,0.071810613
scp53.txt,7,749,0.072439233,0.9,,0.072439233
scp53.txt,8,749,0.073233177,0.9,,0.073233177
scp53.txt,9,748,0.071971416,0.9,,0.071971416
scp53.txt,10,759,0.071458751,0.9,,0.071458751
scp53.txt,11,771,0.070608176,0.9,,0.070608176
scp53.txt,12,764,0.070238359,0.9,,0.070238359
scp53.txt,13,769,0.070818732,0.9,,0.070818732
scp53.txt,14,774,0.071411623,0.9,,0.071411623
scp53.txt,15,769,0.071856548,0.9,,0.071856548
scp53.txt,16,780,0.072319794,0.9,,0.072319794
scp53.txt,17,779,0.07175926,0.9,,0.07175926
scp53.txt,18,781,0.071409157,0.9,,0.071409157
scp53.txt,19,793,0.072417644,0.9,,0.072417644
scp53.txt,20,795,0.073320841,0.9,,0.073320841
scp53.txt,5,750,0.070230628,1,,0.070230628
scp53.txt,6,747,0.069735234,1,,0.069735234
scp53.txt,7,742,0.070332423,1,,0.070332423
scp53.txt,8,762,0.07108667,1,,0.07108667
scp53.txt,9,754,0.069887997,1,,0.069887997
scp53.txt,10,762,0.069400965,1,,0.069400965
scp53.txt,11,760,0.068592918,1,,0.068592918
scp53.txt,12,765,0.068241593,1,,0.068241593
scp53.txt,13,770,0.068792947,1,,0.068792947
scp53.txt,14,785,0.069356194,1,,0.069356194
scp53.txt,15,771,0.069778872,1,,0.069778872
scp53.txt,16,773,0.070218956,1,,0.070218956
scp53.txt,17,781,0.069686449,1,,0.069686449
scp53.txt,18,786,0.069353851,1,,0.069353851
scp53.txt,19,786,0.070311913,1,,0.070311913
scp53.txt,20,800,0.07116995,1,,0.07116995
scp53.txt,5,746,0.056921429,2,,0.056921429
scp53.txt,6,743,0.056591166,2,,0.056591166
scp53.txt,7,753,0.056989292,2,,0.056989292
scp53.txt,8,749,0.057492123,2,,0.057492123
scp53.txt,9,756,0.056693008,2,,0.056693008
scp53.txt,10,759,0.05636832,2,,0.05636832
scp53.txt,11,753,0.055829622,2,,0.055829622
scp53.txt,12,761,0.055595405,2,,0.055595405
scp53.txt,13,763,0.055962975,2,,0.055962975
scp53.txt,14,780,0.056338473,2,,0.056338473
scp53.txt,15,771,0.056620258,2,,0.056620258
scp53.txt,16,774,0.056913648,2,,0.056913648
scp53.txt,17,780,0.056558642,2,,0.056558642
scp53.txt,18,789,0.056336911,2,,0.056336911
scp53.txt,19,795,0.056975619,2,,0.056975619
scp53.txt,20,796,0.057547644,2,,0.057547644
scp53.txt,5,749,0.050266829,3,,0.050266829
scp53.txt,6,741,0.050019132,3,,0.050019132
scp53.txt,7,759,0.050317727,3,,0.050317727
scp53.txt,8,752,0.05069485,3,,0.05069485
scp53.txt,9,752,0.050095513,3,,0.050095513
scp53.txt,10,760,0.049851997,3,,0.049851997
scp53.txt,11,756,0.049447974,3,,0.049447974
scp53.txt,12,757,0.049272311,3,,0.049272311
scp53.txt,13,769,0.049547989,3,,0.049547989
scp53.txt,14,768,0.049829612,3,,0.049829612
scp53.txt,15,772,0.050040951,3,,0.050040951
scp53.txt,16,780,0.050260993,3,,0.050260993
scp53.txt,17,787,0.049994739,3,,0.049994739
scp53.txt,18,785,0.049828441,3,,0.049828441
scp53.txt,19,802,0.050307472,3,,0.050307472
scp53.txt,20,794,0.05073649,3,,0.05073649
scp53.txt,5,759,0.046274069,4,,0.046274069
scp53.txt,6,755,0.046075912,4,,0.046075912
scp53.txt,7,750,0.046314787,4,,0.046314787
scp53.txt,8,747,0.046616486,4,,0.046616486
scp53.txt,9,750,0.046137017,4,,0.046137017
scp53.txt,10,760,0.045942204,4,,0.045942204
scp53.txt,11,763,0.045618986,4,,0.045618986
scp53.txt,12,777,0.045478455,4,,0.045478455
scp53.txt,13,767,0.045698997,4,,0.045698997
scp53.txt,14,768,0.045924296,4,,0.045924296
scp53.txt,15,766,0.046093367,4,,0.046093367
scp53.txt,16,789,0.046269401,4,,0.046269401
scp53.txt,17,786,0.046056398,4,,0.046056398
scp53.txt,18,787,0.045923358,4,,0.045923358
scp53.txt,19,791,0.046306583,4,,0.046306583
scp53.txt,20,804,0.046649798,4,,0.046649798
scp53.txt,5,770,0.04361223,5,,0.04361223
scp53.txt,6,755,0.043447098,5,,0.043447098
scp53.txt,7,764,0.043646161,5,,0.043646161
scp53.txt,8,750,0.043897577,5,,0.043897577
scp53.txt,9,758,0.043498019,5,,0.043498019
scp53.txt,10,770,0.043335675,5,,0.043335675
scp53.txt,11,772,0.043066326,5,,0.043066326
scp53.txt,12,759,0.042949218,5,,0.042949218
scp53.txt,13,763,0.043133003,5,,0.043133003
scp53.txt,14,772,0.043320751,5,,0.043320751
scp53.txt,15,764,0.043461644,5,,0.043461644
scp53.txt,16,775,0.043608339,5,,0.043608339
scp53.txt,17,777,0.043430836,5,,0.043430836
scp53.txt,18,776,0.04331997,5,,0.04331997
scp53.txt,19,793,0.043639325,5,,0.043639325
scp53.txt,20,792,0.043925337,5,,0.043925337
scp53.txt,5,747,0.041710915,6,,0.041710915
scp53.txt,6,741,0.041569374,6,,0.041569374
scp53.txt,7,746,0.04174,6,,0.04174
scp53.txt,8,756,0.041955499,6,,0.041955499
scp53.txt,9,757,0.041613021,6,,0.041613021
scp53.txt,10,752,0.041473869,6,,0.041473869
scp53.txt,11,756,0.041242998,6,,0.041242998
scp53.txt,12,756,0.04114262,6,,0.04114262
scp53.txt,13,758,0.041300149,6,,0.041300149
scp53.txt,14,771,0.041461077,6,,0.041461077
scp53.txt,15,777,0.041581842,6,,0.041581842
scp53.txt,16,775,0.041707581,6,,0.041707581
scp53.txt,17,783,0.041555436,6,,0.041555436
scp53.txt,18,810,0.041460408,6,,0.041460408
scp53.txt,19,830,0.04173414,6,,0.04173414
scp53.txt,20,800,0.041979293,6,,0.041979293
scp53.txt,5,796,0.04028493,7,,0.04028493
scp53.txt,6,768,0.040161081,7,,0.040161081
scp53.txt,7,748,0.040310378,7,,0.040310378
scp53.txt,8,755,0.04049894,7,,0.04049894
scp53.txt,9,929,0.040199272,7,,0.040199272
scp53.txt,10,932,0.040077514,7,,0.040077514
scp53.txt,11,796,0.039875502,7,,0.039875502
scp53.txt,12,776,0.039787671,7,,0.039787671
scp53.txt,13,771,0.03992551,7,,0.03992551
scp53.txt,14,770,0.040066321,7,,0.040066321
scp53.txt,15,771,0.040171991,7,,0.040171991
scp53.txt,16,778,0.040282012,7,,0.040282012
scp53.txt,17,785,0.040148885,7,,0.040148885
scp53.txt,18,796,0.040065735,7,,0.040065735
scp53.txt,19,809,0.040305251,7,,0.040305251
scp53.txt,20,818,0.04051976,7,,0.04051976
scp53.txt,5,750,0.03917583,8,,0.03917583
scp53.txt,6,748,0.039065742,8,,0.039065742
scp53.txt,7,755,0.039198451,8,,0.039198451
scp53.txt,8,774,0.039366061,8,,0.039366061
scp53.txt,9,805,0.039099689,8,,0.039099689
scp53.txt,10,764,0.03899146,8,,0.03899146
scp53.txt,11,767,0.038811894,8,,0.038811894
scp53.txt,12,773,0.038733822,8,,0.038733822
scp53.txt,13,784,0.038856345,8,,0.038856345
scp53.txt,14,776,0.038981511,8,,0.038981511
scp53.txt,15,770,0.03907544,8,,0.03907544
scp53.txt,16,772,0.039173236,8,,0.039173236
scp53.txt,17,788,0.039054901,8,,0.039054901
scp53.txt,18,801,0.03898099,8,,0.03898099
scp53.txt,19,806,0.039193893,8,,0.039193893
scp53.txt,20,797,0.039384568,8,,0.039384568
scp53.txt,5,757,0.03828855,9,,0.03828855
scp53.txt,6,749,0.038189471,9,,0.038189471
scp53.txt,7,750,0.038308909,9,,0.038308909
scp53.txt,8,755,0.038459758,9,,0.038459758
scp53.txt,9,755,0.038220024,9,,0.038220024
scp53.txt,10,757,0.038122617,9,,0.038122617
scp53.txt,11,785,0.037961008,9,,0.037961008
scp53.txt,12,768,0.037890743,9,,0.037890743
scp53.txt,13,767,0.038001014,9,,0.038001014
scp53.txt,14,765,0.038113663,9,,0.038113663
scp53.txt,15,772,0.038198199,9,,0.038198199
scp53.txt,16,778,0.038286215,9,,0.038286215
scp53.txt,17,783,0.038179714,9,,0.038179714
scp53.txt,18,785,0.038113194,9,,0.038113194
scp53.txt,19,796,0.038304807,9,,0.038304807
scp53.txt,20,800,0.038476414,9,,0.038476414
scp53.txt,5,747,0.037562594,10,,0.037562594
scp53.txt,6,745,0.037472522,10,,0.037472522
scp53.txt,7,761,0.037581102,10,,0.037581102
scp53.txt,8,757,0.037718237,10,,0.037718237
scp53.txt,9,752,0.037500297,10,,0.037500297
scp53.txt,10,753,0.037411746,10,,0.037411746
scp53.txt,11,759,0.037264828,10,,0.037264828
scp53.txt,12,767,0.037200951,10,,0.037200951
scp53.txt,13,762,0.037301197,10,,0.037301197
scp53.txt,14,766,0.037403605,10,,0.037403605
scp53.txt,15,770,0.037480456,10,,0.037480456
scp53.txt,16,784,0.037560471,10,,0.037560471
scp53.txt,17,788,0.037463652,10,,0.037463652
scp53.txt,18,787,0.037403179,10,,0.037403179
scp53.txt,19,804,0.037577373,10,,0.037577373
scp53.txt,20,797,0.037733379,10,,0.037733379
